,Unnamed: 0,sex,race,age_cat=25 to 45,age_cat=Greater than 45,age_cat=Less than 25,priors_count=0,priors_count=1 to 3,priors_count=More than 3,c_charge_degree=F,c_charge_degree=M,predictions,two_year_recid
0,5578,0.0,0.0,0.0,0.0,1.0,0.0,1.0,0.0,1.0,0.0,1,1.0
1,2113,0.0,0.0,0.0,0.0,1.0,0.0,1.0,0.0,1.0,0.0,1,1.0
2,5189,1.0,1.0,1.0,0.0,0.0,0.0,1.0,0.0,1.0,0.0,1,0.0
3,10239,0.0,0.0,1.0,0.0,0.0,1.0,0.0,0.0,1.0,0.0,0,0.0
4,3391,1.0,0.0,1.0,0.0,0.0,0.0,0.0,1.0,0.0,1.0,1,1.0
5,9629,1.0,0.0,0.0,0.0,1.0,0.0,0.0,1.0,1.0,0.0,1,0.0
6,869,0.0,1.0,1.0,0.0,0.0,0.0,0.0,1.0,0.0,1.0,1,0.0
7,1003,0.0,0.0,1.0,0.0,0.0,0.0,1.0,0.0,0.0,1.0,0,1.0
8,9917,0.0,0.0,1.0,0.0,0.0,0.0,1.0,0.0,0.0,1.0,0,0.0
9,7960,1.0,1.0,0.0,1.0,0.0,0.0,1.0,0.0,0.0,1.0,0,1.0
10,2382,0.0,0.0,0.0,1.0,0.0,0.0,0.0,1.0,1.0,0.0,1,1.0
11,7843,0.0,1.0,1.0,0.0,0.0,1.0,0.0,0.0,0.0,1.0,0,0.0
12,7109,0.0,1.0,0.0,1.0,0.0,1.0,0.0,0.0,1.0,0.0,0,0.0
13,871,0.0,1.0,1.0,0.0,0.0,1.0,0.0,0.0,0.0,1.0,0,0.0
14,918,1.0,0.0,1.0,0.0,0.0,0.0,1.0,0.0,1.0,0.0,0,0.0
15,3709,1.0,0.0,1.0,0.0,0.0,1.0,0.0,0.0,1.0,0.0,0,0.0
16,6733,0.0,0.0,0.0,0.0,1.0,1.0,0.0,0.0,1.0,0.0,0,0.0
17,4640,0.0,0.0,1.0,0.0,0.0,0.0,0.0,1.0,1.0,0.0,1,1.0
18,5388,0.0,1.0,1.0,0.0,0.0,0.0,0.0,1.0,1.0,0.0,1,1.0
19,5838,0.0,1.0,1.0,0.0,0.0,1.0,0.0,0.0,0.0,1.0,1,1.0
20,3337,0.0,0.0,1.0,0.0,0.0,0.0,0.0,1.0,1.0,0.0,1,1.0
21,4518,0.0,0.0,0.0,0.0,1.0,0.0,0.0,1.0,1.0,0.0,1,1.0
22,8207,0.0,1.0,1.0,0.0,0.0,0.0,1.0,0.0,0.0,1.0,1,1.0
23,6109,0.0,1.0,0.0,0.0,1.0,1.0,0.0,0.0,1.0,0.0,1,0.0
24,8518,0.0,0.0,0.0,0.0,1.0,0.0,1.0,0.0,1.0,0.0,1,1.0
25,3462,0.0,1.0,1.0,0.0,0.0,0.0,1.0,0.0,0.0,1.0,1,1.0
26,4161,0.0,0.0,0.0,1.0,0.0,1.0,0.0,0.0,0.0,1.0,0,1.0
27,3360,0.0,0.0,0.0,1.0,0.0,0.0,0.0,1.0,1.0,0.0,0,1.0
28,5832,0.0,1.0,0.0,1.0,0.0,0.0,1.0,0.0,1.0,0.0,0,0.0
29,10029,0.0,1.0,0.0,1.0,0.0,1.0,0.0,0.0,1.0,0.0,0,0.0
30,10976,1.0,1.0,1.0,0.0,0.0,0.0,1.0,0.0,0.0,1.0,0,1.0
31,5647,1.0,0.0,1.0,0.0,0.0,1.0,0.0,0.0,0.0,1.0,0,1.0
32,10193,0.0,0.0,0.0,0.0,1.0,0.0,1.0,0.0,0.0,1.0,1,0.0
33,7067,0.0,1.0,0.0,0.0,1.0,0.0,1.0,0.0,1.0,0.0,1,1.0
34,8019,1.0,1.0,0.0,1.0,0.0,1.0,0.0,0.0,1.0,0.0,0,0.0
35,8031,0.0,0.0,1.0,0.0,0.0,0.0,0.0,1.0,0.0,1.0,1,1.0
36,9624,0.0,0.0,1.0,0.0,0.0,1.0,0.0,0.0,0.0,1.0,0,0.0
37,9712,0.0,0.0,1.0,0.0,0.0,0.0,1.0,0.0,1.0,0.0,0,1.0
38,3552,0.0,1.0,1.0,0.0,0.0,1.0,0.0,0.0,0.0,1.0,0,0.0
39,6952,0.0,0.0,0.0,0.0,1.0,1.0,0.0,0.0,1.0,0.0,0,0.0
40,8294,1.0,1.0,0.0,1.0,0.0,1.0,0.0,0.0,0.0,1.0,0,0.0
41,10427,0.0,1.0,0.0,1.0,0.0,0.0,1.0,0.0,1.0,0.0,0,0.0
42,2389,0.0,0.0,1.0,0.0,0.0,0.0,1.0,0.0,0.0,1.0,1,0.0
43,1038,0.0,1.0,0.0,1.0,0.0,0.0,1.0,0.0,1.0,0.0,0,1.0
44,10677,0.0,0.0,1.0,0.0,0.0,0.0,0.0,1.0,1.0,0.0,1,1.0
45,5942,0.0,1.0,1.0,0.0,0.0,0.0,1.0,0.0,1.0,0.0,1,1.0
46,1939,0.0,1.0,0.0,0.0,1.0,1.0,0.0,0.0,1.0,0.0,1,1.0
47,10897,0.0,1.0,1.0,0.0,0.0,0.0,0.0,1.0,0.0,1.0,1,0.0
48,1736,1.0,0.0,0.0,0.0,1.0,1.0,0.0,0.0,1.0,0.0,0,0.0
49,6051,0.0,0.0,0.0,0.0,1.0,0.0,1.0,0.0,0.0,1.0,1,0.0
50,1023,1.0,1.0,0.0,1.0,0.0,0.0,1.0,0.0,1.0,0.0,1,0.0
51,4255,0.0,1.0,1.0,0.0,0.0,1.0,0.0,0.0,1.0,0.0,0,0.0
52,713,0.0,0.0,0.0,1.0,0.0,0.0,0.0,1.0,0.0,1.0,0,1.0
53,8665,0.0,0.0,1.0,0.0,0.0,0.0,0.0,1.0,1.0,0.0,1,1.0
54,4667,0.0,0.0,1.0,0.0,0.0,0.0,0.0,1.0,1.0,0.0,1,1.0
55,10252,0.0,0.0,0.0,0.0,1.0,1.0,0.0,0.0,0.0,1.0,0,0.0
56,8552,0.0,0.0,1.0,0.0,0.0,0.0,0.0,1.0,1.0,0.0,1,1.0
57,2892,0.0,0.0,0.0,1.0,0.0,0.0,1.0,0.0,1.0,0.0,0,0.0
58,5875,0.0,0.0,0.0,0.0,1.0,1.0,0.0,0.0,0.0,1.0,0,1.0
59,3291,0.0,0.0,1.0,0.0,0.0,0.0,0.0,1.0,0.0,1.0,1,1.0
60,10077,0.0,0.0,1.0,0.0,0.0,0.0,0.0,1.0,0.0,1.0,1,0.0
61,8703,1.0,1.0,0.0,1.0,0.0,1.0,0.0,0.0,1.0,0.0,0,0.0
62,3603,0.0,0.0,1.0,0.0,0.0,0.0,0.0,1.0,1.0,0.0,1,1.0
63,9515,0.0,0.0,1.0,0.0,0.0,0.0,1.0,0.0,1.0,0.0,0,0.0
64,3284,0.0,1.0,1.0,0.0,0.0,0.0,0.0,1.0,1.0,0.0,1,1.0
65,9266,1.0,0.0,1.0,0.0,0.0,1.0,0.0,0.0,1.0,0.0,0,0.0
66,715,0.0,1.0,0.0,0.0,1.0,0.0,1.0,0.0,0.0,1.0,1,1.0
67,8359,0.0,1.0,0.0,1.0,0.0,1.0,0.0,0.0,1.0,0.0,0,1.0
68,5316,0.0,0.0,1.0,0.0,0.0,0.0,1.0,0.0,0.0,1.0,0,1.0
69,4775,0.0,1.0,1.0,0.0,0.0,0.0,1.0,0.0,1.0,0.0,1,1.0
70,8024,1.0,0.0,1.0,0.0,0.0,0.0,1.0,0.0,0.0,1.0,0,1.0
71,5321,1.0,1.0,0.0,0.0,1.0,0.0,1.0,0.0,0.0,1.0,1,1.0
72,6549,0.0,0.0,0.0,1.0,0.0,1.0,0.0,0.0,0.0,1.0,0,1.0
73,2350,0.0,0.0,1.0,0.0,0.0,0.0,0.0,1.0,0.0,1.0,1,1.0
74,4357,0.0,0.0,1.0,0.0,0.0,0.0,1.0,0.0,0.0,1.0,1,1.0
75,1482,1.0,0.0,0.0,0.0,1.0,0.0,0.0,1.0,0.0,1.0,1,0.0
76,9020,0.0,1.0,1.0,0.0,0.0,0.0,0.0,1.0,0.0,1.0,1,1.0
77,3384,0.0,1.0,0.0,0.0,1.0,0.0,1.0,0.0,1.0,0.0,1,0.0
78,2402,0.0,0.0,0.0,1.0,0.0,0.0,0.0,1.0,1.0,0.0,0,1.0
79,9089,0.0,1.0,1.0,0.0,0.0,0.0,1.0,0.0,0.0,1.0,1,0.0
80,5926,0.0,0.0,0.0,1.0,0.0,1.0,0.0,0.0,0.0,1.0,0,0.0
81,9209,0.0,0.0,1.0,0.0,0.0,0.0,1.0,0.0,1.0,0.0,0,1.0
82,8877,1.0,1.0,0.0,1.0,0.0,0.0,1.0,0.0,1.0,0.0,1,0.0
83,4195,1.0,0.0,1.0,0.0,0.0,1.0,0.0,0.0,0.0,1.0,1,1.0
84,3460,0.0,0.0,0.0,0.0,1.0,0.0,1.0,0.0,1.0,0.0,1,1.0
85,331,0.0,1.0,1.0,0.0,0.0,0.0,0.0,1.0,1.0,0.0,1,1.0
86,3085,0.0,0.0,0.0,0.0,1.0,1.0,0.0,0.0,1.0,0.0,1,0.0
87,6570,0.0,1.0,0.0,1.0,0.0,0.0,1.0,0.0,1.0,0.0,0,0.0
88,4947,0.0,0.0,0.0,0.0,1.0,0.0,1.0,0.0,0.0,1.0,1,1.0
89,10883,0.0,0.0,1.0,0.0,0.0,0.0,1.0,0.0,1.0,0.0,0,1.0
90,10932,0.0,0.0,1.0,0.0,0.0,0.0,0.0,1.0,1.0,0.0,1,0.0
91,1954,0.0,1.0,1.0,0.0,0.0,0.0,1.0,0.0,0.0,1.0,0,1.0
92,8716,0.0,0.0,1.0,0.0,0.0,1.0,0.0,0.0,0.0,1.0,0,0.0
93,887,0.0,0.0,1.0,0.0,0.0,0.0,0.0,1.0,1.0,0.0,1,1.0
94,7417,1.0,1.0,0.0,1.0,0.0,1.0,0.0,0.0,1.0,0.0,0,0.0
95,4342,0.0,0.0,0.0,0.0,1.0,0.0,1.0,0.0,1.0,0.0,1,1.0
96,9462,0.0,1.0,0.0,1.0,0.0,0.0,1.0,0.0,0.0,1.0,0,1.0
97,10407,0.0,0.0,0.0,1.0,0.0,0.0,0.0,1.0,1.0,0.0,1,1.0
98,3236,0.0,0.0,1.0,0.0,0.0,0.0,0.0,1.0,1.0,0.0,1,1.0
99,3138,0.0,0.0,1.0,0.0,0.0,0.0,0.0,1.0,1.0,0.0,1,1.0
100,10836,0.0,0.0,1.0,0.0,0.0,0.0,1.0,0.0,1.0,0.0,1,1.0
101,6983,0.0,0.0,0.0,1.0,0.0,0.0,0.0,1.0,0.0,1.0,0,0.0
102,8479,0.0,0.0,0.0,1.0,0.0,0.0,0.0,1.0,1.0,0.0,1,1.0
103,1590,0.0,0.0,1.0,0.0,0.0,1.0,0.0,0.0,0.0,1.0,1,1.0
104,6689,0.0,1.0,0.0,1.0,0.0,0.0,1.0,0.0,0.0,1.0,0,0.0
105,3359,0.0,0.0,1.0,0.0,0.0,0.0,0.0,1.0,1.0,0.0,1,1.0
106,2057,0.0,0.0,1.0,0.0,0.0,0.0,0.0,1.0,1.0,0.0,1,1.0
107,3616,0.0,0.0,0.0,1.0,0.0,0.0,0.0,1.0,1.0,0.0,1,1.0
108,4196,1.0,0.0,1.0,0.0,0.0,1.0,0.0,0.0,1.0,0.0,1,0.0
109,5290,0.0,1.0,0.0,1.0,0.0,1.0,0.0,0.0,0.0,1.0,0,0.0
110,2220,0.0,0.0,0.0,1.0,0.0,0.0,0.0,1.0,0.0,1.0,0,1.0
111,10839,0.0,0.0,1.0,0.0,0.0,0.0,0.0,1.0,0.0,1.0,1,1.0
112,1655,0.0,0.0,0.0,0.0,1.0,0.0,1.0,0.0,0.0,1.0,1,1.0
113,8253,0.0,0.0,1.0,0.0,0.0,1.0,0.0,0.0,0.0,1.0,0,0.0
114,5270,0.0,0.0,1.0,0.0,0.0,1.0,0.0,0.0,0.0,1.0,0,0.0
115,10869,0.0,0.0,0.0,1.0,0.0,0.0,0.0,1.0,1.0,0.0,1,1.0
116,10372,0.0,1.0,1.0,0.0,0.0,1.0,0.0,0.0,0.0,1.0,0,1.0
117,823,0.0,0.0,1.0,0.0,0.0,0.0,0.0,1.0,1.0,0.0,1,1.0
118,8865,1.0,1.0,0.0,1.0,0.0,1.0,0.0,0.0,1.0,0.0,0,0.0
119,225,0.0,0.0,1.0,0.0,0.0,0.0,0.0,1.0,0.0,1.0,1,1.0
120,1961,0.0,1.0,1.0,0.0,0.0,0.0,1.0,0.0,1.0,0.0,1,1.0
121,1377,0.0,0.0,1.0,0.0,0.0,0.0,0.0,1.0,0.0,1.0,1,1.0
122,6071,0.0,0.0,0.0,1.0,0.0,0.0,0.0,1.0,1.0,0.0,0,0.0
123,3441,0.0,1.0,0.0,1.0,0.0,1.0,0.0,0.0,1.0,0.0,0,1.0
124,7820,0.0,0.0,1.0,0.0,0.0,0.0,0.0,1.0,0.0,1.0,1,1.0
125,7634,0.0,0.0,1.0,0.0,0.0,1.0,0.0,0.0,1.0,0.0,0,0.0
126,8700,0.0,0.0,1.0,0.0,0.0,0.0,0.0,1.0,1.0,0.0,1,1.0
127,3965,0.0,1.0,0.0,1.0,0.0,1.0,0.0,0.0,0.0,1.0,0,0.0
128,2354,0.0,0.0,0.0,0.0,1.0,1.0,0.0,0.0,1.0,0.0,0,1.0
129,4314,0.0,0.0,1.0,0.0,0.0,0.0,0.0,1.0,0.0,1.0,1,1.0
130,8315,0.0,0.0,0.0,0.0,1.0,0.0,1.0,0.0,0.0,1.0,1,1.0
131,1709,0.0,0.0,1.0,0.0,0.0,0.0,0.0,1.0,0.0,1.0,1,1.0
132,282,0.0,1.0,0.0,1.0,0.0,0.0,0.0,1.0,0.0,1.0,1,1.0
133,10939,1.0,1.0,0.0,1.0,0.0,0.0,1.0,0.0,0.0,1.0,0,0.0
134,9635,1.0,1.0,1.0,0.0,0.0,1.0,0.0,0.0,1.0,0.0,0,0.0
135,9043,0.0,1.0,1.0,0.0,0.0,0.0,0.0,1.0,1.0,0.0,1,1.0
136,8885,0.0,0.0,0.0,0.0,1.0,0.0,1.0,0.0,1.0,0.0,1,1.0
137,8424,1.0,1.0,1.0,0.0,0.0,0.0,1.0,0.0,1.0,0.0,1,1.0
138,9722,0.0,1.0,0.0,0.0,1.0,0.0,1.0,0.0,1.0,0.0,1,1.0
139,2915,0.0,1.0,1.0,0.0,0.0,0.0,1.0,0.0,1.0,0.0,1,1.0
140,5454,1.0,1.0,1.0,0.0,0.0,1.0,0.0,0.0,1.0,0.0,0,1.0
141,2943,0.0,1.0,1.0,0.0,0.0,1.0,0.0,0.0,1.0,0.0,0,0.0
142,10386,0.0,1.0,0.0,0.0,1.0,0.0,1.0,0.0,0.0,1.0,1,0.0
143,2678,0.0,0.0,0.0,0.0,1.0,1.0,0.0,0.0,0.0,1.0,0,0.0
144,8926,0.0,0.0,0.0,0.0,1.0,0.0,1.0,0.0,0.0,1.0,1,1.0
145,1305,0.0,0.0,1.0,0.0,0.0,0.0,0.0,1.0,0.0,1.0,1,0.0
146,7898,0.0,0.0,1.0,0.0,0.0,0.0,1.0,0.0,1.0,0.0,0,0.0
147,1303,0.0,0.0,0.0,0.0,1.0,0.0,1.0,0.0,1.0,0.0,1,1.0
148,3431,1.0,0.0,1.0,0.0,0.0,1.0,0.0,0.0,0.0,1.0,1,0.0
149,5904,0.0,0.0,1.0,0.0,0.0,0.0,0.0,1.0,1.0,0.0,1,1.0
150,3858,1.0,0.0,1.0,0.0,0.0,0.0,1.0,0.0,1.0,0.0,0,1.0
151,1919,1.0,1.0,1.0,0.0,0.0,1.0,0.0,0.0,1.0,0.0,0,1.0
152,1987,0.0,1.0,0.0,1.0,0.0,0.0,0.0,1.0,0.0,1.0,1,0.0
153,5390,0.0,0.0,0.0,0.0,1.0,1.0,0.0,0.0,1.0,0.0,0,1.0
154,3780,0.0,1.0,0.0,0.0,1.0,0.0,1.0,0.0,0.0,1.0,1,0.0
155,10913,0.0,0.0,0.0,0.0,1.0,1.0,0.0,0.0,1.0,0.0,0,1.0
156,5934,0.0,0.0,1.0,0.0,0.0,1.0,0.0,0.0,1.0,0.0,0,1.0
157,6642,0.0,1.0,1.0,0.0,0.0,0.0,1.0,0.0,1.0,0.0,1,0.0
158,10889,0.0,0.0,0.0,1.0,0.0,0.0,0.0,1.0,1.0,0.0,1,0.0
159,4315,0.0,0.0,0.0,1.0,0.0,0.0,0.0,1.0,0.0,1.0,0,1.0
160,310,1.0,0.0,1.0,0.0,0.0,1.0,0.0,0.0,1.0,0.0,0,0.0
161,8684,0.0,0.0,1.0,0.0,0.0,1.0,0.0,0.0,1.0,0.0,0,0.0
162,275,0.0,0.0,0.0,0.0,1.0,0.0,1.0,0.0,1.0,0.0,1,1.0
163,9523,0.0,0.0,1.0,0.0,0.0,0.0,1.0,0.0,1.0,0.0,0,1.0
164,3500,0.0,1.0,1.0,0.0,0.0,0.0,1.0,0.0,0.0,1.0,1,0.0
165,1367,0.0,0.0,1.0,0.0,0.0,1.0,0.0,0.0,1.0,0.0,1,1.0
166,8026,0.0,0.0,1.0,0.0,0.0,0.0,1.0,0.0,1.0,0.0,0,1.0
167,2478,0.0,0.0,1.0,0.0,0.0,1.0,0.0,0.0,1.0,0.0,0,0.0
168,2758,0.0,0.0,1.0,0.0,0.0,1.0,0.0,0.0,1.0,0.0,0,0.0
169,2006,0.0,0.0,0.0,0.0,1.0,1.0,0.0,0.0,1.0,0.0,0,1.0
170,7365,0.0,1.0,1.0,0.0,0.0,0.0,1.0,0.0,1.0,0.0,1,0.0
171,9663,1.0,0.0,1.0,0.0,0.0,0.0,1.0,0.0,0.0,1.0,0,0.0
172,5988,1.0,1.0,0.0,0.0,1.0,1.0,0.0,0.0,0.0,1.0,1,0.0
173,111,0.0,0.0,1.0,0.0,0.0,0.0,1.0,0.0,1.0,0.0,0,0.0
174,4511,0.0,0.0,0.0,1.0,0.0,0.0,1.0,0.0,1.0,0.0,0,0.0
175,1156,1.0,0.0,0.0,0.0,1.0,1.0,0.0,0.0,1.0,0.0,0,0.0
176,5015,0.0,1.0,1.0,0.0,0.0,1.0,0.0,0.0,0.0,1.0,0,1.0
177,4884,0.0,1.0,1.0,0.0,0.0,1.0,0.0,0.0,0.0,1.0,0,0.0
178,7391,0.0,0.0,0.0,0.0,1.0,1.0,0.0,0.0,1.0,0.0,1,1.0
179,6271,0.0,1.0,1.0,0.0,0.0,0.0,1.0,0.0,1.0,0.0,1,0.0
180,10653,0.0,0.0,0.0,1.0,0.0,1.0,0.0,0.0,0.0,1.0,0,0.0
181,3314,0.0,1.0,1.0,0.0,0.0,0.0,1.0,0.0,1.0,0.0,1,0.0
182,5960,0.0,1.0,0.0,1.0,0.0,1.0,0.0,0.0,0.0,1.0,0,0.0
183,9061,0.0,0.0,0.0,0.0,1.0,0.0,1.0,0.0,1.0,0.0,1,1.0
184,136,1.0,0.0,1.0,0.0,0.0,0.0,1.0,0.0,0.0,1.0,0,0.0
185,6231,0.0,0.0,0.0,1.0,0.0,0.0,1.0,0.0,1.0,0.0,0,0.0
186,27,0.0,1.0,1.0,0.0,0.0,1.0,0.0,0.0,0.0,1.0,1,1.0
187,9247,0.0,0.0,1.0,0.0,0.0,0.0,1.0,0.0,1.0,0.0,1,1.0
188,10021,0.0,1.0,0.0,0.0,1.0,1.0,0.0,0.0,1.0,0.0,1,0.0
189,1845,1.0,0.0,1.0,0.0,0.0,0.0,1.0,0.0,1.0,0.0,0,0.0
190,7728,0.0,0.0,1.0,0.0,0.0,0.0,0.0,1.0,1.0,0.0,1,1.0
191,4870,0.0,1.0,0.0,0.0,1.0,0.0,1.0,0.0,0.0,1.0,1,0.0
192,6482,0.0,0.0,1.0,0.0,0.0,0.0,0.0,1.0,1.0,0.0,1,1.0
193,5787,0.0,1.0,0.0,1.0,0.0,1.0,0.0,0.0,0.0,1.0,0,0.0
194,4952,0.0,0.0,0.0,1.0,0.0,0.0,0.0,1.0,0.0,1.0,0,1.0
195,3948,0.0,0.0,0.0,0.0,1.0,0.0,1.0,0.0,1.0,0.0,1,0.0
196,180,0.0,0.0,1.0,0.0,0.0,0.0,1.0,0.0,0.0,1.0,0,0.0
197,2786,0.0,0.0,1.0,0.0,0.0,0.0,1.0,0.0,1.0,0.0,1,0.0
198,3454,0.0,0.0,1.0,0.0,0.0,0.0,0.0,1.0,1.0,0.0,1,1.0
199,4473,0.0,0.0,1.0,0.0,0.0,1.0,0.0,0.0,0.0,1.0,0,1.0
200,6481,1.0,0.0,0.0,0.0,1.0,1.0,0.0,0.0,0.0,1.0,0,0.0
201,320,0.0,0.0,1.0,0.0,0.0,0.0,0.0,1.0,1.0,0.0,1,0.0
202,9924,0.0,1.0,1.0,0.0,0.0,1.0,0.0,0.0,1.0,0.0,0,1.0
203,10383,0.0,0.0,1.0,0.0,0.0,0.0,0.0,1.0,1.0,0.0,1,1.0
204,2567,0.0,1.0,1.0,0.0,0.0,0.0,1.0,0.0,0.0,1.0,0,0.0
205,344,0.0,0.0,1.0,0.0,0.0,1.0,0.0,0.0,0.0,1.0,0,0.0
206,1534,0.0,0.0,1.0,0.0,0.0,0.0,1.0,0.0,1.0,0.0,0,0.0
207,7269,1.0,1.0,0.0,1.0,0.0,1.0,0.0,0.0,0.0,1.0,0,0.0
208,3848,0.0,0.0,1.0,0.0,0.0,0.0,0.0,1.0,1.0,0.0,1,1.0
209,645,0.0,0.0,0.0,0.0,1.0,0.0,1.0,0.0,1.0,0.0,1,0.0
210,9119,0.0,0.0,1.0,0.0,0.0,0.0,0.0,1.0,1.0,0.0,1,1.0
211,5394,0.0,1.0,0.0,1.0,0.0,0.0,1.0,0.0,1.0,0.0,0,0.0
212,10781,0.0,0.0,0.0,1.0,0.0,0.0,1.0,0.0,1.0,0.0,0,0.0
213,4584,0.0,1.0,0.0,1.0,0.0,0.0,1.0,0.0,0.0,1.0,0,0.0
214,9220,0.0,1.0,1.0,0.0,0.0,1.0,0.0,0.0,0.0,1.0,0,0.0
215,4648,0.0,1.0,1.0,0.0,0.0,0.0,1.0,0.0,1.0,0.0,1,0.0
216,4641,1.0,1.0,1.0,0.0,0.0,0.0,1.0,0.0,0.0,1.0,0,0.0
217,57,0.0,0.0,0.0,1.0,0.0,0.0,1.0,0.0,0.0,1.0,0,0.0
218,4503,0.0,0.0,1.0,0.0,0.0,0.0,1.0,0.0,0.0,1.0,0,1.0
219,1914,0.0,0.0,0.0,0.0,1.0,1.0,0.0,0.0,1.0,0.0,0,0.0
220,851,0.0,1.0,0.0,1.0,0.0,0.0,1.0,0.0,0.0,1.0,0,0.0
221,9734,0.0,1.0,0.0,0.0,1.0,1.0,0.0,0.0,1.0,0.0,1,0.0
222,3857,1.0,0.0,1.0,0.0,0.0,1.0,0.0,0.0,1.0,0.0,1,0.0
223,7007,1.0,0.0,1.0,0.0,0.0,0.0,0.0,1.0,1.0,0.0,1,0.0
224,9268,0.0,1.0,1.0,0.0,0.0,0.0,1.0,0.0,1.0,0.0,1,1.0
225,1737,1.0,0.0,1.0,0.0,0.0,0.0,0.0,1.0,1.0,0.0,1,0.0
226,2432,0.0,0.0,1.0,0.0,0.0,1.0,0.0,0.0,1.0,0.0,0,0.0
227,10088,1.0,0.0,1.0,0.0,0.0,0.0,1.0,0.0,1.0,0.0,0,0.0
228,9861,0.0,1.0,1.0,0.0,0.0,0.0,1.0,0.0,1.0,0.0,1,0.0
229,10814,0.0,0.0,0.0,1.0,0.0,0.0,0.0,1.0,1.0,0.0,1,1.0
230,9216,0.0,1.0,0.0,1.0,0.0,1.0,0.0,0.0,0.0,1.0,0,0.0
231,10293,0.0,1.0,0.0,0.0,1.0,0.0,1.0,0.0,1.0,0.0,1,0.0
232,1441,0.0,0.0,1.0,0.0,0.0,0.0,1.0,0.0,0.0,1.0,0,1.0
233,8899,1.0,0.0,1.0,0.0,0.0,0.0,0.0,1.0,1.0,0.0,1,1.0
234,2787,1.0,0.0,1.0,0.0,0.0,1.0,0.0,0.0,1.0,0.0,0,1.0
235,3952,0.0,1.0,1.0,0.0,0.0,1.0,0.0,0.0,0.0,1.0,0,0.0
236,2908,0.0,0.0,0.0,0.0,1.0,1.0,0.0,0.0,1.0,0.0,1,0.0
237,7145,0.0,0.0,1.0,0.0,0.0,0.0,1.0,0.0,1.0,0.0,0,1.0
238,4514,0.0,0.0,0.0,1.0,0.0,0.0,0.0,1.0,1.0,0.0,1,0.0
239,9034,0.0,0.0,1.0,0.0,0.0,0.0,1.0,0.0,0.0,1.0,0,1.0
240,542,0.0,0.0,0.0,0.0,1.0,0.0,1.0,0.0,1.0,0.0,1,1.0
241,7737,0.0,1.0,0.0,0.0,1.0,1.0,0.0,0.0,1.0,0.0,1,0.0
242,8112,1.0,0.0,0.0,1.0,0.0,0.0,1.0,0.0,0.0,1.0,0,0.0
243,153,0.0,0.0,1.0,0.0,0.0,0.0,1.0,0.0,1.0,0.0,0,0.0
244,3824,0.0,0.0,1.0,0.0,0.0,0.0,1.0,0.0,0.0,1.0,0,1.0
245,10703,0.0,0.0,1.0,0.0,0.0,0.0,0.0,1.0,1.0,0.0,1,0.0
246,1904,0.0,0.0,1.0,0.0,0.0,0.0,1.0,0.0,1.0,0.0,1,0.0
247,169,0.0,1.0,1.0,0.0,0.0,0.0,0.0,1.0,0.0,1.0,1,1.0
248,5850,1.0,1.0,1.0,0.0,0.0,0.0,1.0,0.0,0.0,1.0,1,1.0
249,3165,0.0,1.0,1.0,0.0,0.0,0.0,1.0,0.0,1.0,0.0,1,1.0
250,5198,0.0,1.0,1.0,0.0,0.0,1.0,0.0,0.0,1.0,0.0,0,0.0
251,7406,0.0,0.0,0.0,0.0,1.0,0.0,1.0,0.0,1.0,0.0,1,1.0
252,5057,1.0,0.0,0.0,1.0,0.0,0.0,1.0,0.0,1.0,0.0,0,0.0
253,3420,0.0,0.0,1.0,0.0,0.0,0.0,1.0,0.0,1.0,0.0,0,0.0
254,3248,0.0,1.0,0.0,1.0,0.0,0.0,0.0,1.0,1.0,0.0,1,1.0
255,10390,0.0,1.0,1.0,0.0,0.0,0.0,1.0,0.0,1.0,0.0,1,1.0
256,1408,0.0,0.0,1.0,0.0,0.0,0.0,0.0,1.0,0.0,1.0,1,1.0
257,5188,0.0,0.0,1.0,0.0,0.0,0.0,0.0,1.0,1.0,0.0,1,1.0
258,9269,1.0,0.0,1.0,0.0,0.0,1.0,0.0,0.0,0.0,1.0,0,0.0
259,3175,0.0,1.0,0.0,1.0,0.0,0.0,1.0,0.0,0.0,1.0,0,1.0
260,1005,0.0,0.0,0.0,1.0,0.0,0.0,1.0,0.0,0.0,1.0,0,1.0
261,7510,0.0,0.0,1.0,0.0,0.0,1.0,0.0,0.0,1.0,0.0,0,0.0
262,10865,0.0,1.0,0.0,1.0,0.0,0.0,1.0,0.0,1.0,0.0,0,0.0
263,8996,0.0,0.0,0.0,0.0,1.0,0.0,1.0,0.0,1.0,0.0,1,0.0
264,7380,0.0,0.0,1.0,0.0,0.0,0.0,1.0,0.0,0.0,1.0,0,1.0
265,1269,0.0,0.0,1.0,0.0,0.0,0.0,1.0,0.0,0.0,1.0,0,0.0
266,10207,0.0,0.0,1.0,0.0,0.0,0.0,0.0,1.0,1.0,0.0,1,0.0
267,5825,0.0,0.0,0.0,0.0,1.0,0.0,0.0,1.0,1.0,0.0,1,1.0
268,4480,0.0,1.0,1.0,0.0,0.0,0.0,0.0,1.0,1.0,0.0,1,1.0
269,464,0.0,1.0,1.0,0.0,0.0,0.0,1.0,0.0,0.0,1.0,0,1.0
270,4154,0.0,0.0,0.0,1.0,0.0,0.0,1.0,0.0,0.0,1.0,0,0.0
271,9308,1.0,1.0,0.0,1.0,0.0,0.0,1.0,0.0,1.0,0.0,0,1.0
272,3936,0.0,0.0,1.0,0.0,0.0,0.0,0.0,1.0,0.0,1.0,1,1.0
273,6046,0.0,0.0,0.0,1.0,0.0,0.0,0.0,1.0,1.0,0.0,0,0.0
274,5726,1.0,1.0,0.0,1.0,0.0,0.0,1.0,0.0,0.0,1.0,0,1.0
275,1877,0.0,0.0,0.0,0.0,1.0,0.0,1.0,0.0,0.0,1.0,1,1.0
276,10907,1.0,1.0,1.0,0.0,0.0,0.0,1.0,0.0,1.0,0.0,0,0.0
277,8589,0.0,1.0,1.0,0.0,0.0,1.0,0.0,0.0,1.0,0.0,0,0.0
278,10258,0.0,1.0,0.0,1.0,0.0,0.0,1.0,0.0,1.0,0.0,0,1.0
279,6737,0.0,0.0,0.0,0.0,1.0,0.0,1.0,0.0,0.0,1.0,1,1.0
280,8054,0.0,0.0,0.0,1.0,0.0,0.0,0.0,1.0,1.0,0.0,1,0.0
281,3785,0.0,1.0,0.0,0.0,1.0,0.0,1.0,0.0,0.0,1.0,1,0.0
282,6368,0.0,0.0,1.0,0.0,0.0,0.0,0.0,1.0,1.0,0.0,1,1.0
283,6731,1.0,1.0,1.0,0.0,0.0,1.0,0.0,0.0,0.0,1.0,0,0.0
284,2848,0.0,1.0,0.0,0.0,1.0,1.0,0.0,0.0,0.0,1.0,1,1.0
285,5274,0.0,0.0,0.0,0.0,1.0,1.0,0.0,0.0,0.0,1.0,0,1.0
286,2250,0.0,0.0,1.0,0.0,0.0,0.0,0.0,1.0,1.0,0.0,1,1.0
287,2027,0.0,0.0,1.0,0.0,0.0,1.0,0.0,0.0,1.0,0.0,0,1.0
288,2671,0.0,0.0,1.0,0.0,0.0,0.0,0.0,1.0,1.0,0.0,1,1.0
289,87,0.0,0.0,1.0,0.0,0.0,0.0,0.0,1.0,1.0,0.0,1,0.0
290,8203,0.0,0.0,1.0,0.0,0.0,0.0,1.0,0.0,1.0,0.0,1,1.0
291,8745,1.0,1.0,1.0,0.0,0.0,0.0,1.0,0.0,0.0,1.0,0,0.0
292,7903,1.0,0.0,0.0,1.0,0.0,1.0,0.0,0.0,0.0,1.0,0,0.0
293,1372,0.0,1.0,0.0,0.0,1.0,1.0,0.0,0.0,1.0,0.0,1,0.0
294,2103,0.0,0.0,1.0,0.0,0.0,0.0,1.0,0.0,1.0,0.0,0,1.0
295,3046,0.0,0.0,1.0,0.0,0.0,0.0,0.0,1.0,1.0,0.0,1,0.0
296,872,0.0,0.0,1.0,0.0,0.0,0.0,0.0,1.0,1.0,0.0,1,0.0
297,10888,1.0,0.0,1.0,0.0,0.0,0.0,0.0,1.0,1.0,0.0,1,1.0
298,5938,0.0,0.0,1.0,0.0,0.0,0.0,0.0,1.0,0.0,1.0,1,1.0
299,8758,0.0,1.0,0.0,1.0,0.0,0.0,0.0,1.0,0.0,1.0,1,1.0
300,6490,0.0,0.0,0.0,0.0,1.0,1.0,0.0,0.0,1.0,0.0,1,1.0
301,5628,0.0,1.0,1.0,0.0,0.0,0.0,1.0,0.0,1.0,0.0,1,0.0
302,96,0.0,0.0,1.0,0.0,0.0,0.0,0.0,1.0,1.0,0.0,1,1.0
303,10400,0.0,1.0,0.0,0.0,1.0,0.0,1.0,0.0,0.0,1.0,1,0.0
304,10553,0.0,0.0,1.0,0.0,0.0,0.0,0.0,1.0,1.0,0.0,1,1.0
305,9476,1.0,0.0,1.0,0.0,0.0,0.0,1.0,0.0,1.0,0.0,0,0.0
306,7006,1.0,1.0,1.0,0.0,0.0,0.0,1.0,0.0,1.0,0.0,1,1.0
307,6587,0.0,0.0,0.0,0.0,1.0,0.0,1.0,0.0,1.0,0.0,1,1.0
308,538,0.0,0.0,1.0,0.0,0.0,0.0,1.0,0.0,0.0,1.0,0,0.0
309,1816,1.0,1.0,1.0,0.0,0.0,0.0,0.0,1.0,1.0,0.0,1,1.0
310,206,1.0,1.0,1.0,0.0,0.0,0.0,0.0,1.0,1.0,0.0,1,1.0
311,5736,1.0,1.0,0.0,1.0,0.0,1.0,0.0,0.0,0.0,1.0,0,0.0
312,7064,0.0,0.0,1.0,0.0,0.0,0.0,0.0,1.0,0.0,1.0,1,1.0
313,2147,0.0,0.0,1.0,0.0,0.0,1.0,0.0,0.0,1.0,0.0,0,0.0
314,4170,0.0,1.0,1.0,0.0,0.0,0.0,0.0,1.0,1.0,0.0,1,1.0
315,7429,0.0,1.0,0.0,0.0,1.0,1.0,0.0,0.0,0.0,1.0,1,1.0
316,4704,0.0,1.0,1.0,0.0,0.0,0.0,1.0,0.0,1.0,0.0,1,1.0
317,1796,0.0,0.0,0.0,0.0,1.0,1.0,0.0,0.0,1.0,0.0,0,1.0
318,2732,0.0,0.0,0.0,1.0,0.0,0.0,0.0,1.0,1.0,0.0,1,1.0
319,6552,1.0,1.0,0.0,1.0,0.0,0.0,0.0,1.0,0.0,1.0,1,1.0
320,6901,1.0,0.0,0.0,0.0,1.0,1.0,0.0,0.0,1.0,0.0,0,0.0
321,6894,0.0,0.0,1.0,0.0,0.0,0.0,1.0,0.0,0.0,1.0,0,0.0
322,6514,0.0,1.0,1.0,0.0,0.0,0.0,1.0,0.0,1.0,0.0,1,0.0
323,2100,0.0,1.0,1.0,0.0,0.0,1.0,0.0,0.0,0.0,1.0,1,0.0
324,3766,0.0,1.0,0.0,0.0,1.0,1.0,0.0,0.0,0.0,1.0,0,1.0
325,1631,0.0,1.0,0.0,1.0,0.0,0.0,1.0,0.0,1.0,0.0,0,1.0
326,3787,0.0,0.0,1.0,0.0,0.0,0.0,1.0,0.0,1.0,0.0,0,1.0
327,9224,0.0,1.0,1.0,0.0,0.0,1.0,0.0,0.0,1.0,0.0,0,0.0
328,5858,0.0,1.0,1.0,0.0,0.0,1.0,0.0,0.0,0.0,1.0,1,0.0
329,9669,0.0,0.0,1.0,0.0,0.0,0.0,1.0,0.0,1.0,0.0,0,0.0
330,9381,0.0,1.0,1.0,0.0,0.0,0.0,1.0,0.0,0.0,1.0,1,0.0
331,821,0.0,0.0,1.0,0.0,0.0,1.0,0.0,0.0,1.0,0.0,0,0.0
332,327,0.0,1.0,0.0,1.0,0.0,1.0,0.0,0.0,0.0,1.0,0,0.0
333,4732,0.0,0.0,0.0,0.0,1.0,1.0,0.0,0.0,1.0,0.0,0,0.0
334,7386,0.0,0.0,0.0,0.0,1.0,0.0,1.0,0.0,1.0,0.0,1,1.0
335,4661,0.0,0.0,1.0,0.0,0.0,0.0,0.0,1.0,0.0,1.0,1,0.0
336,7540,0.0,0.0,1.0,0.0,0.0,0.0,0.0,1.0,1.0,0.0,1,1.0
337,4329,0.0,0.0,1.0,0.0,0.0,0.0,0.0,1.0,0.0,1.0,1,0.0
338,156,0.0,1.0,0.0,0.0,1.0,0.0,0.0,1.0,1.0,0.0,1,1.0
339,10454,0.0,0.0,1.0,0.0,0.0,0.0,0.0,1.0,1.0,0.0,1,1.0
340,623,0.0,1.0,0.0,1.0,0.0,1.0,0.0,0.0,0.0,1.0,0,0.0
341,9908,0.0,0.0,0.0,0.0,1.0,0.0,1.0,0.0,1.0,0.0,1,1.0
342,4787,0.0,0.0,1.0,0.0,0.0,1.0,0.0,0.0,1.0,0.0,0,0.0
343,7785,0.0,0.0,1.0,0.0,0.0,0.0,0.0,1.0,1.0,0.0,1,1.0
344,3645,0.0,1.0,1.0,0.0,0.0,1.0,0.0,0.0,0.0,1.0,0,0.0
345,7200,0.0,0.0,0.0,0.0,1.0,0.0,1.0,0.0,1.0,0.0,1,0.0
346,396,0.0,0.0,0.0,0.0,1.0,1.0,0.0,0.0,1.0,0.0,1,0.0
347,5255,1.0,0.0,1.0,0.0,0.0,0.0,1.0,0.0,1.0,0.0,0,0.0
348,2532,0.0,0.0,1.0,0.0,0.0,0.0,0.0,1.0,0.0,1.0,1,0.0
349,2856,0.0,0.0,1.0,0.0,0.0,0.0,0.0,1.0,1.0,0.0,1,0.0
350,7511,0.0,0.0,0.0,0.0,1.0,1.0,0.0,0.0,1.0,0.0,0,1.0
351,818,0.0,1.0,1.0,0.0,0.0,1.0,0.0,0.0,1.0,0.0,1,0.0
352,9554,0.0,1.0,1.0,0.0,0.0,1.0,0.0,0.0,0.0,1.0,1,0.0
353,6178,0.0,1.0,1.0,0.0,0.0,0.0,0.0,1.0,0.0,1.0,1,0.0
354,9054,0.0,0.0,1.0,0.0,0.0,0.0,0.0,1.0,0.0,1.0,1,1.0
355,210,0.0,0.0,1.0,0.0,0.0,0.0,1.0,0.0,1.0,0.0,0,1.0
356,5183,0.0,0.0,0.0,0.0,1.0,0.0,1.0,0.0,0.0,1.0,1,0.0
357,10652,0.0,0.0,1.0,0.0,0.0,0.0,1.0,0.0,0.0,1.0,0,1.0
358,8608,0.0,0.0,1.0,0.0,0.0,0.0,1.0,0.0,0.0,1.0,1,0.0
359,6580,0.0,1.0,0.0,1.0,0.0,1.0,0.0,0.0,0.0,1.0,0,0.0
360,8066,0.0,1.0,0.0,0.0,1.0,0.0,1.0,0.0,1.0,0.0,1,1.0
361,10131,0.0,0.0,0.0,0.0,1.0,0.0,1.0,0.0,1.0,0.0,1,0.0
362,4681,0.0,0.0,0.0,0.0,1.0,0.0,1.0,0.0,1.0,0.0,1,1.0
363,3802,0.0,0.0,0.0,1.0,0.0,1.0,0.0,0.0,0.0,1.0,0,1.0
364,4048,0.0,1.0,1.0,0.0,0.0,0.0,1.0,0.0,1.0,0.0,1,1.0
365,4331,0.0,0.0,0.0,1.0,0.0,0.0,0.0,1.0,0.0,1.0,0,1.0
366,5326,0.0,1.0,1.0,0.0,0.0,0.0,1.0,0.0,0.0,1.0,1,1.0
367,6367,0.0,0.0,1.0,0.0,0.0,0.0,0.0,1.0,0.0,1.0,1,1.0
368,5686,1.0,1.0,0.0,1.0,0.0,1.0,0.0,0.0,0.0,1.0,0,0.0
369,9404,0.0,0.0,1.0,0.0,0.0,0.0,1.0,0.0,0.0,1.0,0,1.0
370,10554,0.0,0.0,0.0,0.0,1.0,1.0,0.0,0.0,1.0,0.0,0,1.0
371,6212,0.0,0.0,0.0,1.0,0.0,1.0,0.0,0.0,0.0,1.0,0,0.0
372,6030,0.0,0.0,0.0,1.0,0.0,0.0,0.0,1.0,1.0,0.0,1,0.0
373,5364,1.0,1.0,1.0,0.0,0.0,1.0,0.0,0.0,0.0,1.0,0,0.0
374,691,0.0,0.0,1.0,0.0,0.0,0.0,1.0,0.0,0.0,1.0,0,1.0
375,1750,0.0,1.0,0.0,0.0,1.0,1.0,0.0,0.0,1.0,0.0,1,1.0
376,9156,0.0,1.0,0.0,0.0,1.0,0.0,0.0,1.0,1.0,0.0,1,1.0
377,10157,1.0,0.0,1.0,0.0,0.0,0.0,0.0,1.0,1.0,0.0,1,1.0
378,2802,0.0,1.0,1.0,0.0,0.0,1.0,0.0,0.0,0.0,1.0,0,0.0
379,8125,0.0,1.0,0.0,0.0,1.0,1.0,0.0,0.0,1.0,0.0,1,0.0
380,9907,0.0,0.0,0.0,1.0,0.0,0.0,0.0,1.0,1.0,0.0,1,1.0
381,831,0.0,1.0,0.0,1.0,0.0,0.0,1.0,0.0,0.0,1.0,0,0.0
382,7008,0.0,0.0,0.0,1.0,0.0,0.0,0.0,1.0,0.0,1.0,0,1.0
383,906,1.0,1.0,0.0,0.0,1.0,1.0,0.0,0.0,1.0,0.0,1,0.0
384,2061,0.0,0.0,1.0,0.0,0.0,0.0,1.0,0.0,1.0,0.0,1,1.0
385,7466,0.0,1.0,1.0,0.0,0.0,1.0,0.0,0.0,0.0,1.0,0,0.0
386,9972,0.0,0.0,0.0,0.0,1.0,1.0,0.0,0.0,0.0,1.0,0,0.0
387,9185,0.0,0.0,0.0,1.0,0.0,0.0,0.0,1.0,1.0,0.0,1,1.0
388,7435,1.0,0.0,1.0,0.0,0.0,1.0,0.0,0.0,1.0,0.0,0,0.0
389,3176,0.0,0.0,1.0,0.0,0.0,0.0,0.0,1.0,1.0,0.0,1,0.0
390,10357,0.0,1.0,1.0,0.0,0.0,0.0,1.0,0.0,1.0,0.0,1,0.0
391,4168,0.0,1.0,0.0,1.0,0.0,0.0,0.0,1.0,1.0,0.0,1,0.0
392,37,0.0,0.0,1.0,0.0,0.0,0.0,0.0,1.0,1.0,0.0,1,1.0
393,4021,0.0,0.0,1.0,0.0,0.0,0.0,1.0,0.0,1.0,0.0,1,0.0
394,7112,0.0,0.0,0.0,1.0,0.0,0.0,0.0,1.0,0.0,1.0,0,1.0
395,9436,0.0,0.0,1.0,0.0,0.0,0.0,0.0,1.0,1.0,0.0,1,1.0
396,7171,0.0,1.0,1.0,0.0,0.0,0.0,1.0,0.0,1.0,0.0,1,0.0
397,5880,0.0,0.0,1.0,0.0,0.0,1.0,0.0,0.0,1.0,0.0,1,0.0
398,8314,0.0,0.0,1.0,0.0,0.0,0.0,0.0,1.0,1.0,0.0,1,0.0
399,4075,0.0,0.0,1.0,0.0,0.0,0.0,0.0,1.0,1.0,0.0,1,0.0
400,10779,0.0,1.0,0.0,1.0,0.0,0.0,1.0,0.0,1.0,0.0,0,0.0
401,3863,0.0,1.0,1.0,0.0,0.0,1.0,0.0,0.0,0.0,1.0,0,0.0
402,2287,0.0,0.0,1.0,0.0,0.0,0.0,0.0,1.0,0.0,1.0,1,1.0
403,1202,0.0,0.0,1.0,0.0,0.0,0.0,0.0,1.0,1.0,0.0,1,1.0
404,8269,1.0,0.0,1.0,0.0,0.0,0.0,0.0,1.0,1.0,0.0,1,1.0
405,4534,1.0,0.0,1.0,0.0,0.0,1.0,0.0,0.0,0.0,1.0,0,0.0
406,5889,1.0,0.0,0.0,1.0,0.0,0.0,1.0,0.0,1.0,0.0,1,1.0
407,9092,0.0,1.0,0.0,1.0,0.0,0.0,1.0,0.0,1.0,0.0,0,1.0
408,7546,0.0,1.0,0.0,0.0,1.0,0.0,1.0,0.0,0.0,1.0,1,0.0
409,7946,0.0,1.0,0.0,0.0,1.0,1.0,0.0,0.0,1.0,0.0,1,0.0
410,26,0.0,0.0,0.0,0.0,1.0,0.0,1.0,0.0,1.0,0.0,1,1.0
411,2534,0.0,1.0,0.0,1.0,0.0,0.0,1.0,0.0,1.0,0.0,0,1.0
412,9626,0.0,0.0,1.0,0.0,0.0,0.0,0.0,1.0,1.0,0.0,1,1.0
413,4290,0.0,0.0,1.0,0.0,0.0,0.0,1.0,0.0,0.0,1.0,1,0.0
414,5984,0.0,0.0,1.0,0.0,0.0,0.0,0.0,1.0,0.0,1.0,1,0.0
415,4104,0.0,0.0,0.0,1.0,0.0,1.0,0.0,0.0,1.0,0.0,0,1.0
416,8118,0.0,0.0,1.0,0.0,0.0,0.0,0.0,1.0,0.0,1.0,1,0.0
417,306,0.0,0.0,1.0,0.0,0.0,0.0,1.0,0.0,1.0,0.0,0,1.0
418,10360,0.0,1.0,1.0,0.0,0.0,1.0,0.0,0.0,1.0,0.0,0,0.0
419,10312,1.0,0.0,1.0,0.0,0.0,0.0,1.0,0.0,0.0,1.0,0,1.0
420,4088,0.0,0.0,1.0,0.0,0.0,1.0,0.0,0.0,1.0,0.0,0,0.0
421,4792,1.0,0.0,0.0,0.0,1.0,0.0,1.0,0.0,0.0,1.0,1,0.0
422,3674,1.0,0.0,1.0,0.0,0.0,1.0,0.0,0.0,1.0,0.0,0,0.0
423,4652,0.0,0.0,0.0,0.0,1.0,0.0,1.0,0.0,1.0,0.0,1,1.0
424,8627,0.0,0.0,1.0,0.0,0.0,1.0,0.0,0.0,0.0,1.0,0,0.0
425,9690,1.0,0.0,1.0,0.0,0.0,1.0,0.0,0.0,0.0,1.0,0,0.0
426,2293,0.0,1.0,1.0,0.0,0.0,1.0,0.0,0.0,1.0,0.0,0,0.0
427,4162,0.0,0.0,1.0,0.0,0.0,0.0,0.0,1.0,1.0,0.0,1,1.0
428,9146,1.0,0.0,0.0,0.0,1.0,1.0,0.0,0.0,0.0,1.0,0,0.0
429,5871,0.0,1.0,0.0,1.0,0.0,0.0,1.0,0.0,1.0,0.0,0,0.0
430,3533,0.0,1.0,1.0,0.0,0.0,0.0,0.0,1.0,1.0,0.0,1,1.0
431,2575,1.0,1.0,1.0,0.0,0.0,0.0,1.0,0.0,1.0,0.0,1,1.0
432,246,0.0,1.0,0.0,1.0,0.0,0.0,1.0,0.0,0.0,1.0,0,0.0
433,7413,0.0,0.0,0.0,0.0,1.0,0.0,1.0,0.0,1.0,0.0,1,1.0
434,4812,1.0,1.0,0.0,0.0,1.0,1.0,0.0,0.0,0.0,1.0,1,0.0
435,10447,0.0,1.0,0.0,1.0,0.0,0.0,1.0,0.0,1.0,0.0,0,0.0
436,10531,0.0,1.0,1.0,0.0,0.0,0.0,0.0,1.0,1.0,0.0,1,1.0
437,5398,0.0,0.0,0.0,0.0,1.0,1.0,0.0,0.0,0.0,1.0,0,0.0
438,1910,0.0,1.0,0.0,1.0,0.0,0.0,1.0,0.0,1.0,0.0,0,1.0
439,10984,1.0,0.0,0.0,0.0,1.0,1.0,0.0,0.0,0.0,1.0,0,1.0
440,1058,0.0,0.0,1.0,0.0,0.0,0.0,1.0,0.0,0.0,1.0,0,0.0
441,9851,0.0,0.0,0.0,1.0,0.0,0.0,1.0,0.0,0.0,1.0,0,1.0
442,3068,0.0,0.0,1.0,0.0,0.0,0.0,0.0,1.0,1.0,0.0,1,0.0
443,6347,0.0,0.0,0.0,0.0,1.0,0.0,1.0,0.0,1.0,0.0,1,1.0
444,8133,0.0,0.0,1.0,0.0,0.0,0.0,1.0,0.0,1.0,0.0,1,1.0
445,1951,0.0,0.0,0.0,0.0,1.0,0.0,1.0,0.0,1.0,0.0,1,0.0
446,4797,0.0,1.0,1.0,0.0,0.0,0.0,0.0,1.0,1.0,0.0,1,0.0
447,462,0.0,0.0,1.0,0.0,0.0,1.0,0.0,0.0,0.0,1.0,0,0.0
448,7576,0.0,0.0,1.0,0.0,0.0,0.0,1.0,0.0,1.0,0.0,0,1.0
449,3453,0.0,0.0,0.0,1.0,0.0,0.0,0.0,1.0,1.0,0.0,1,1.0
450,2009,0.0,0.0,1.0,0.0,0.0,0.0,0.0,1.0,0.0,1.0,1,1.0
451,2166,1.0,0.0,1.0,0.0,0.0,0.0,0.0,1.0,1.0,0.0,1,1.0
452,8467,0.0,0.0,1.0,0.0,0.0,0.0,0.0,1.0,0.0,1.0,1,1.0
453,1821,1.0,1.0,1.0,0.0,0.0,0.0,1.0,0.0,0.0,1.0,0,0.0
454,3972,0.0,1.0,1.0,0.0,0.0,0.0,0.0,1.0,0.0,1.0,1,0.0
455,5117,0.0,0.0,0.0,0.0,1.0,0.0,1.0,0.0,1.0,0.0,1,1.0
456,5014,0.0,0.0,1.0,0.0,0.0,0.0,0.0,1.0,1.0,0.0,1,1.0
457,8572,0.0,0.0,1.0,0.0,0.0,0.0,1.0,0.0,0.0,1.0,1,0.0
458,9253,0.0,1.0,1.0,0.0,0.0,0.0,0.0,1.0,1.0,0.0,1,0.0
459,3110,0.0,1.0,0.0,0.0,1.0,1.0,0.0,0.0,0.0,1.0,1,1.0
460,2664,0.0,0.0,1.0,0.0,0.0,1.0,0.0,0.0,1.0,0.0,0,1.0
461,3938,0.0,1.0,1.0,0.0,0.0,0.0,1.0,0.0,1.0,0.0,1,0.0
462,10543,0.0,1.0,0.0,1.0,0.0,0.0,1.0,0.0,0.0,1.0,0,1.0
463,5808,0.0,0.0,1.0,0.0,0.0,0.0,0.0,1.0,1.0,0.0,1,1.0
464,1865,0.0,1.0,1.0,0.0,0.0,1.0,0.0,0.0,1.0,0.0,0,0.0
465,10784,0.0,1.0,1.0,0.0,0.0,1.0,0.0,0.0,1.0,0.0,0,0.0
466,90,0.0,0.0,1.0,0.0,0.0,0.0,0.0,1.0,1.0,0.0,1,1.0
467,1806,1.0,1.0,1.0,0.0,0.0,0.0,1.0,0.0,1.0,0.0,1,1.0
468,7534,0.0,1.0,1.0,0.0,0.0,0.0,1.0,0.0,1.0,0.0,1,1.0
469,61,1.0,0.0,0.0,1.0,0.0,0.0,0.0,1.0,1.0,0.0,0,0.0
470,10512,0.0,0.0,1.0,0.0,0.0,0.0,0.0,1.0,1.0,0.0,1,1.0
471,6663,0.0,0.0,1.0,0.0,0.0,0.0,1.0,0.0,1.0,0.0,0,0.0
472,1056,0.0,1.0,0.0,1.0,0.0,0.0,1.0,0.0,1.0,0.0,0,1.0
473,10917,0.0,0.0,1.0,0.0,0.0,0.0,0.0,1.0,1.0,0.0,1,1.0
474,3935,1.0,0.0,0.0,0.0,1.0,1.0,0.0,0.0,1.0,0.0,0,0.0
475,7216,0.0,0.0,1.0,0.0,0.0,0.0,0.0,1.0,1.0,0.0,1,1.0
476,678,1.0,0.0,0.0,1.0,0.0,0.0,1.0,0.0,1.0,0.0,0,0.0
477,7222,1.0,1.0,1.0,0.0,0.0,0.0,0.0,1.0,1.0,0.0,1,1.0
478,7340,1.0,1.0,1.0,0.0,0.0,1.0,0.0,0.0,1.0,0.0,1,1.0
479,10059,1.0,0.0,1.0,0.0,0.0,0.0,0.0,1.0,1.0,0.0,1,0.0
480,4418,0.0,1.0,0.0,1.0,0.0,0.0,1.0,0.0,1.0,0.0,0,0.0
481,580,0.0,1.0,0.0,0.0,1.0,0.0,1.0,0.0,0.0,1.0,1,0.0
482,4754,0.0,0.0,0.0,1.0,0.0,0.0,1.0,0.0,1.0,0.0,0,0.0
483,6703,0.0,0.0,1.0,0.0,0.0,0.0,0.0,1.0,1.0,0.0,1,0.0
484,8568,0.0,0.0,0.0,0.0,1.0,0.0,0.0,1.0,1.0,0.0,1,1.0
485,8002,0.0,0.0,0.0,1.0,0.0,0.0,1.0,0.0,0.0,1.0,0,0.0
486,8030,0.0,0.0,0.0,0.0,1.0,0.0,1.0,0.0,0.0,1.0,1,1.0
487,3745,0.0,1.0,1.0,0.0,0.0,0.0,1.0,0.0,1.0,0.0,1,1.0
488,8869,0.0,0.0,0.0,1.0,0.0,1.0,0.0,0.0,0.0,1.0,0,0.0
489,6926,0.0,1.0,1.0,0.0,0.0,0.0,1.0,0.0,1.0,0.0,1,1.0
490,3867,0.0,0.0,0.0,1.0,0.0,0.0,0.0,1.0,0.0,1.0,0,0.0
491,2054,0.0,1.0,1.0,0.0,0.0,1.0,0.0,0.0,1.0,0.0,0,0.0
492,5779,1.0,0.0,1.0,0.0,0.0,0.0,0.0,1.0,0.0,1.0,1,1.0
493,5833,0.0,1.0,0.0,1.0,0.0,0.0,1.0,0.0,1.0,0.0,0,0.0
494,10513,1.0,1.0,1.0,0.0,0.0,1.0,0.0,0.0,1.0,0.0,0,0.0
495,8009,0.0,0.0,1.0,0.0,0.0,0.0,0.0,1.0,1.0,0.0,1,1.0
496,6639,0.0,0.0,0.0,1.0,0.0,0.0,1.0,0.0,1.0,0.0,0,0.0
497,1803,0.0,1.0,1.0,0.0,0.0,1.0,0.0,0.0,0.0,1.0,0,0.0
498,10962,1.0,1.0,1.0,0.0,0.0,0.0,0.0,1.0,0.0,1.0,1,1.0
499,2217,0.0,1.0,1.0,0.0,0.0,0.0,1.0,0.0,1.0,0.0,1,0.0
500,178,0.0,0.0,1.0,0.0,0.0,0.0,0.0,1.0,1.0,0.0,1,1.0
501,8633,0.0,1.0,0.0,0.0,1.0,0.0,1.0,0.0,1.0,0.0,1,1.0
502,361,0.0,1.0,0.0,1.0,0.0,0.0,1.0,0.0,0.0,1.0,0,0.0
503,4204,0.0,0.0,1.0,0.0,0.0,0.0,0.0,1.0,1.0,0.0,1,0.0
504,1729,0.0,0.0,1.0,0.0,0.0,0.0,1.0,0.0,0.0,1.0,0,1.0
505,6164,1.0,0.0,1.0,0.0,0.0,0.0,1.0,0.0,1.0,0.0,0,0.0
506,9777,0.0,0.0,1.0,0.0,0.0,1.0,0.0,0.0,1.0,0.0,0,1.0
507,3265,1.0,1.0,0.0,1.0,0.0,1.0,0.0,0.0,1.0,0.0,0,0.0
508,9215,0.0,1.0,0.0,0.0,1.0,1.0,0.0,0.0,0.0,1.0,1,0.0
509,8185,0.0,0.0,0.0,1.0,0.0,0.0,0.0,1.0,0.0,1.0,0,1.0
510,4421,1.0,0.0,0.0,1.0,0.0,0.0,0.0,1.0,1.0,0.0,0,1.0
511,2579,1.0,0.0,1.0,0.0,0.0,1.0,0.0,0.0,0.0,1.0,0,0.0
512,5068,0.0,1.0,1.0,0.0,0.0,1.0,0.0,0.0,1.0,0.0,0,0.0
513,2538,0.0,1.0,0.0,1.0,0.0,0.0,1.0,0.0,0.0,1.0,0,0.0
514,9597,0.0,1.0,0.0,0.0,1.0,1.0,0.0,0.0,0.0,1.0,1,0.0
515,9414,0.0,1.0,1.0,0.0,0.0,0.0,1.0,0.0,0.0,1.0,0,1.0
516,347,0.0,1.0,1.0,0.0,0.0,0.0,0.0,1.0,1.0,0.0,1,1.0
517,3737,1.0,1.0,1.0,0.0,0.0,1.0,0.0,0.0,1.0,0.0,0,0.0
518,8,0.0,1.0,1.0,0.0,0.0,0.0,0.0,1.0,1.0,0.0,1,1.0
519,10324,1.0,0.0,0.0,0.0,1.0,0.0,1.0,0.0,0.0,1.0,1,1.0
520,3593,0.0,1.0,0.0,1.0,0.0,0.0,1.0,0.0,1.0,0.0,0,0.0
521,1550,0.0,1.0,0.0,1.0,0.0,0.0,1.0,0.0,1.0,0.0,0,0.0
522,9670,0.0,1.0,0.0,0.0,1.0,1.0,0.0,0.0,1.0,0.0,1,0.0
523,6205,0.0,0.0,0.0,1.0,0.0,0.0,0.0,1.0,1.0,0.0,1,1.0
524,2094,0.0,0.0,1.0,0.0,0.0,0.0,1.0,0.0,0.0,1.0,0,0.0
525,1776,0.0,0.0,0.0,0.0,1.0,1.0,0.0,0.0,1.0,0.0,0,1.0
526,4631,0.0,0.0,1.0,0.0,0.0,0.0,0.0,1.0,1.0,0.0,1,1.0
527,588,0.0,0.0,1.0,0.0,0.0,0.0,0.0,1.0,1.0,0.0,1,0.0
