,sex,age,race,juv_fel_count,juv_misd_count,juv_other_count,priors_count,two_year_recid,c_charge_degree_F,c_charge_degree_M,risk_recid,prediction,prediction_prob
6055,1,23,0,0,0,0,2,0,1,0,1,0,0.45043956055189494
2925,1,28,1,0,0,0,0,0,0,1,0,0,0.28515726440979494
1353,1,25,0,0,0,0,0,0,1,0,0,0,0.2958808183192909
2144,1,53,1,0,0,0,1,0,0,1,0,0,0.06649594866049552
6062,1,30,0,0,0,0,4,1,1,0,1,1,0.5822280383869264
3965,1,34,1,0,0,0,2,0,1,0,0,0,0.3709451658359938
728,1,26,0,0,0,0,0,0,1,0,0,0,0.2796698658375263
3486,1,50,1,0,0,0,0,0,1,0,0,0,0.09081002464788462
2637,0,58,0,0,0,0,0,0,1,0,0,0,0.038304051501989116
2819,1,31,0,0,0,0,0,0,1,0,1,0,0.20723981529218607
4884,0,20,1,0,0,1,0,1,0,1,1,1,0.71014307109001
5709,1,49,0,0,0,0,3,0,1,0,0,0,0.11912039418632739
1104,1,22,1,0,0,0,0,1,1,0,1,1,0.6191563700482831
3367,1,33,1,0,0,0,2,1,1,0,1,1,0.5313711755540673
4254,1,31,1,0,0,0,6,1,0,1,1,1,0.7207111072661152
5673,1,22,1,0,0,0,4,0,0,1,1,1,0.6400055199471367
5959,1,23,0,0,0,0,0,0,0,1,1,0,0.2564684364866887
5510,0,55,0,0,0,0,0,0,1,0,0,0,0.04807078523788462
1489,1,24,0,0,0,0,0,0,1,0,1,0,0.3126236187147477
3382,0,23,1,0,0,0,0,1,1,0,0,1,0.6595525799312022
1329,0,57,0,0,0,0,0,0,0,1,0,0,0.029321728535900496
4090,1,25,0,0,1,0,6,1,1,0,1,1,0.8444413101104703
4299,1,57,0,0,0,0,0,0,0,1,0,0,0.022885347691604826
5215,1,38,0,0,0,0,1,1,1,0,0,0,0.2562098764112552
5328,0,40,0,0,0,0,0,0,0,1,0,0,0.10388209045532375
1286,0,22,1,0,0,1,0,1,1,0,0,1,0.7490390406562123
5146,0,34,1,0,0,0,1,0,0,1,0,0,0.2922885606746012
5931,1,40,0,0,0,0,4,1,1,0,1,0,0.38718458536585487
4937,0,28,1,0,0,0,5,0,0,1,1,1,0.6479670198818691
6061,1,24,0,0,0,0,0,0,0,1,0,0,0.24167568212952173
4995,1,38,1,0,0,0,5,0,0,1,0,0,0.39283411221173503
1187,1,25,0,0,0,0,2,1,0,1,0,0,0.46554470183515917
1434,1,24,1,0,1,0,4,1,1,0,1,1,0.8583692346525901
4794,1,29,0,0,0,0,0,1,0,1,0,0,0.2760073470461222
4344,1,34,1,0,0,0,2,0,1,0,0,0,0.3709451658359938
4424,1,51,1,0,0,0,8,1,0,1,0,0,0.4689631115211831
5523,1,29,1,0,0,0,1,1,0,1,0,0,0.4579777670044063
5177,1,26,1,0,0,0,2,0,0,1,0,0,0.43759566982390913
4514,1,23,0,0,0,0,6,1,1,0,1,1,0.8014794711003852
5175,1,39,0,0,0,0,3,0,1,0,0,0,0.2297545646913947
676,1,20,0,0,0,2,0,0,1,0,0,1,0.558412349326671
4997,1,27,1,0,0,0,0,1,1,0,0,1,0.5225907707984305
2280,1,41,1,0,0,0,13,0,1,0,1,1,0.8484382889620494
555,1,22,1,0,1,0,3,0,1,0,1,1,0.7559098387322236
1009,1,31,0,0,0,0,0,0,1,0,0,0,0.20723981529218607
4177,1,32,1,0,0,0,13,1,0,1,1,1,0.9342237355167159
287,1,47,1,0,0,0,3,0,1,0,0,0,0.21388908551834515
3635,1,37,0,0,0,0,1,1,1,0,0,0,0.2715736603637423
4832,1,29,0,0,0,1,11,1,1,0,1,1,0.9274856784158487
1971,1,32,0,0,0,0,2,0,1,0,0,0,0.28682088747651363
1300,0,24,1,0,0,0,2,1,0,1,1,1,0.676216454169757
149,1,54,0,0,0,0,2,0,1,0,0,0,0.06591079159662774
120,0,43,0,0,0,0,0,0,0,1,0,0,0.08377386710954471
2853,0,38,1,0,0,0,3,1,1,0,0,1,0.5595868434629175
3534,1,51,1,0,0,0,0,1,1,0,0,0,0.14085724234534033
1887,1,48,0,0,0,0,0,0,0,1,0,0,0.045558579195291264
5671,1,49,0,0,0,0,0,0,1,0,0,0,0.059211435293515406
5651,1,22,1,0,0,0,2,1,1,0,1,1,0.7302413256820068
2248,1,29,0,0,0,0,2,1,1,0,0,0,0.4753093502415502
6096,0,30,0,0,0,0,3,0,1,0,1,0,0.4394789722655575
4339,1,34,1,2,0,0,8,1,1,0,1,1,0.955574698936853
3666,0,54,1,0,0,0,6,0,1,0,0,0,0.3023475173395834
4913,1,43,0,0,0,0,1,0,1,0,0,0,0.11547350386493321
5136,0,33,1,0,0,0,3,1,0,1,0,1,0.5693984686059798
6031,1,66,0,0,0,0,0,0,0,1,0,0,0.011361627545389934
1,1,34,1,0,0,0,0,1,1,0,0,0,0.3861943920230695
1306,1,20,1,0,0,0,0,1,0,1,0,1,0.5716421583746005
4348,1,21,1,0,0,0,0,1,1,0,1,1,0.6376266419630143
3771,0,36,1,0,0,0,1,1,1,0,1,0,0.4719855885449274
1143,1,30,1,0,0,0,7,1,1,0,1,1,0.8372179368661742
1686,1,46,1,0,0,0,2,0,1,0,1,0,0.1858097748869604
5022,1,32,0,0,0,0,0,0,0,1,0,0,0.1447500346110688
5686,1,31,0,0,0,0,3,1,0,1,0,0,0.4115033621399853
4981,1,21,1,0,0,0,0,0,1,0,0,0,0.4975932163427095
3260,1,46,0,0,0,0,1,0,1,0,0,0,0.09335530210697876
5200,1,56,0,0,0,0,0,0,0,1,0,0,0.02472274169830507
620,1,24,1,0,0,0,0,0,1,0,1,0,0.4385734109638988
3017,1,37,0,0,0,0,0,0,0,1,0,0,0.10229967817770311
6030,1,47,1,0,0,0,1,0,1,0,0,0,0.14045468675912606
1119,0,58,1,0,0,0,4,0,1,0,0,0,0.15943234040317833
3218,1,38,0,0,0,0,0,0,0,1,0,0,0.09525991191747424
1950,1,23,1,0,0,0,3,0,1,0,1,1,0.6449633631492225
2716,1,29,0,0,0,0,6,1,1,0,1,1,0.7152282286052397
5084,1,37,0,0,0,0,2,1,1,0,0,0,0.32481872800077016
1437,1,23,0,0,0,1,2,0,1,0,1,1,0.5384710614859186
2208,1,30,1,0,0,0,0,0,1,0,0,0,0.3270392040257025
1609,1,29,0,0,0,0,0,0,0,1,0,0,0.17667213578324636
516,1,28,1,0,0,0,5,1,0,1,1,1,0.7171521936577367
450,1,21,0,0,0,0,0,1,1,0,0,1,0.5060371153341373
4880,0,22,1,0,0,0,4,1,1,0,1,1,0.8532305119254754
647,0,23,1,0,0,0,0,0,1,0,1,1,0.521635466037874
1625,1,42,0,0,0,0,0,0,0,1,0,0,0.07126129453854224
1949,1,35,0,0,0,0,0,0,0,1,0,0,0.11777074715880273
5866,1,29,0,0,0,0,1,0,0,1,0,0,0.21684978128209384
1181,1,37,0,0,0,0,0,1,1,0,0,0,0.22415895245926049
1573,1,24,1,0,0,0,0,1,1,0,1,1,0.5812121211932719
1542,1,32,0,0,0,2,6,0,0,1,1,1,0.6128759143346987
4469,1,22,0,0,0,0,0,0,1,0,0,0,0.34758666125965737
6121,1,27,1,0,0,2,1,0,0,1,1,1,0.5302614662377677
4724,1,44,1,0,0,0,0,0,1,0,0,0,0.13834180753512415
4562,1,43,1,0,0,0,1,1,1,0,1,0,0.28488086317802747
675,1,30,0,0,0,0,0,0,1,0,0,0,0.22053777318755896
4457,1,24,0,0,0,0,0,0,1,0,0,0,0.3126236187147477
3920,1,45,1,1,0,0,12,1,0,1,1,1,0.8924741667345312
1076,1,53,0,0,0,0,4,0,1,0,0,0,0.11281716614129778
5607,1,54,0,0,0,0,0,0,1,0,0,0,0.04065425329788805
1130,1,20,1,0,0,1,0,1,1,0,1,1,0.7305216022972242
171,0,35,1,0,1,0,23,1,1,0,1,1,0.9976000349378276
3415,1,46,1,0,0,0,1,1,0,1,1,0,0.18044475584798544
2589,1,69,0,0,0,0,0,0,0,1,0,0,0.008982859700066077
3975,1,32,1,0,0,0,9,0,1,0,1,1,0.8044948211292945
1514,1,28,1,0,0,1,5,0,0,1,1,1,0.6701266433407975
1700,1,35,0,0,0,0,1,1,1,0,0,0,0.3039760065658335
550,1,22,1,0,0,0,1,1,1,0,0,1,0.6771944105422938
1482,0,40,1,0,0,0,0,0,1,0,0,0,0.2212744616330341
352,1,20,1,0,0,0,0,1,1,0,1,1,0.6556992609579557
667,0,37,1,0,0,0,3,0,1,0,1,0,0.4363200129794176
2901,0,37,0,0,0,0,2,1,1,0,1,0,0.3828962597106808
966,0,62,0,0,0,0,0,0,0,1,0,0,0.019933658362044557
2596,1,34,1,0,0,0,5,0,0,1,1,0,0.4702902503664724
5534,1,39,1,0,0,0,8,0,1,0,0,1,0.6470110056359163
2151,1,26,1,0,0,0,5,1,1,0,1,1,0.8091087288748974
1610,1,50,0,0,0,0,8,0,1,0,0,0,0.3089144288650226
3438,1,29,1,0,0,0,6,1,1,0,1,1,0.8118142201635374
441,1,20,1,0,0,0,0,1,1,0,0,1,0.6556992609579557
5677,1,33,0,0,0,0,0,1,0,1,1,0,0.21741590883510747
892,1,22,0,0,0,0,0,0,0,1,0,0,0.27184205845672443
3714,0,37,1,0,0,0,3,0,1,0,0,0,0.4363200129794176
4229,0,66,1,0,0,0,11,1,1,0,1,1,0.515982155413456
2215,0,50,0,0,0,0,2,1,1,0,0,0,0.1815786600216121
4840,1,31,1,0,0,0,9,1,1,0,1,1,0.8877978177561839
3921,1,54,1,0,0,0,4,1,1,0,0,0,0.26390729915226274
777,1,22,1,0,0,0,1,1,1,0,1,1,0.6771944105422938
5323,1,30,0,0,0,0,0,0,1,0,0,0,0.22053777318755896
4468,1,41,1,0,0,0,14,1,1,0,1,1,0.9277110275263467
6093,1,25,0,4,0,0,5,0,0,1,1,1,0.9542060807499522
5221,1,30,1,0,0,0,10,1,1,0,1,1,0.9170169523760797
4120,1,21,0,0,0,1,0,1,0,1,1,1,0.5054000486157015
166,0,23,1,0,0,0,1,0,0,1,0,0,0.4964757197447518
5441,1,42,0,0,0,0,0,0,0,1,0,0,0.07126129453854224
2063,1,42,0,0,0,0,1,0,1,0,0,0,0.12380265913080599
1263,1,25,1,0,0,0,8,1,0,1,1,1,0.8735284362518918
1331,1,32,0,0,0,0,2,1,0,1,1,0,0.3336323185232097
5351,0,25,1,0,0,0,2,0,0,1,0,1,0.5206442736317647
381,1,26,1,0,0,0,1,1,0,1,1,1,0.5172032623657604
5077,1,50,0,0,0,0,5,0,1,0,1,0,0.17221399450769956
3140,1,39,0,0,0,0,1,0,1,0,0,0,0.15192579885915397
3509,1,24,1,0,0,0,7,1,1,0,1,1,0.8920953787540561
5888,1,39,1,0,0,0,3,1,1,0,0,0,0.47650124964642515
233,0,22,0,0,0,0,1,0,1,0,0,0,0.46996513982365495
2159,1,32,0,0,0,0,0,0,0,1,0,0,0.1447500346110688
6053,1,40,0,0,0,0,0,0,1,0,0,0,0.11368671590151062
2387,1,51,0,0,0,0,2,0,1,0,0,0,0.08211562184049147
2333,1,59,0,0,0,0,0,0,1,0,0,0,0.02774149494851305
2222,1,43,1,0,0,0,4,1,0,1,1,0,0.3749138855868951
5521,1,39,0,0,0,0,2,0,1,0,0,0,0.18775917217889168
5548,1,31,1,0,0,0,1,0,0,1,0,0,0.2887609961519508
5991,1,43,1,0,1,0,23,0,1,0,1,1,0.9897267082359243
5260,1,32,1,0,0,0,4,1,1,0,0,1,0.6714249424840701
1639,1,36,1,0,0,0,2,0,1,0,0,0,0.3348384169726422
1189,1,22,1,0,0,0,3,1,1,0,1,1,0.7774359714087793
1916,0,42,0,0,0,0,0,0,0,1,0,0,0.0900492916830594
4401,1,21,1,0,0,0,0,1,0,1,0,1,0.5521707744024813
3843,0,23,1,0,1,0,1,0,0,1,1,1,0.6083080409465218
2920,1,31,0,0,0,0,0,0,0,1,0,0,0.15482129685203053
3749,1,27,1,0,0,0,12,1,1,0,1,1,0.9588966840032034
4608,1,31,0,0,0,0,3,1,0,1,0,0,0.4115033621399853
1564,1,27,0,0,1,3,4,1,0,1,0,1,0.8490507401833793
3768,0,51,0,0,0,0,0,0,0,1,0,0,0.046308574024285884
4553,1,21,0,0,0,0,1,0,1,0,0,0,0.4266294700935307
4711,1,27,1,0,0,0,7,1,1,0,1,1,0.8670356156029626
429,0,26,1,0,0,0,0,0,0,1,0,0,0.3760464822216855
3967,0,24,0,0,0,0,0,0,1,0,1,0,0.36971465254276886
1036,1,22,1,0,0,0,0,0,1,0,1,0,0.47783052586633895
3531,1,23,0,0,0,0,3,1,0,1,1,1,0.5683486678723647
2360,1,31,0,0,0,0,0,0,1,0,1,0,0.20723981529218607
3211,1,23,1,0,1,0,2,1,1,0,1,1,0.7975483676329577
1544,1,21,1,0,0,0,3,1,1,0,1,1,0.7908233202321454
3213,1,30,0,0,0,0,0,0,0,1,0,0,0.1654577229409389
2463,0,53,1,0,0,0,10,1,1,0,0,1,0.6979229378128143
1198,0,30,1,0,0,0,8,1,1,0,1,1,0.8953929932894726
25,1,26,1,0,0,1,5,1,1,0,1,1,0.8578215519606739
5809,1,30,1,0,0,0,0,0,0,1,0,0,0.2540287764553437
5014,1,41,1,0,0,0,0,0,1,0,0,0,0.16913015798225206
5917,1,34,0,0,0,0,11,0,1,0,0,1,0.7730054372721515
2272,0,33,0,0,0,0,2,0,1,0,0,0,0.3239796118344636
5762,1,62,1,0,0,0,0,0,0,1,0,0,0.026372082412378713
3510,1,32,0,0,0,0,0,0,0,1,0,0,0.1447500346110688
5143,1,21,0,1,0,0,4,1,1,0,1,1,0.8569358883701572
5909,0,27,1,0,1,0,1,0,1,0,0,1,0.6176068129670338
1859,1,59,0,0,0,0,0,0,1,0,0,0,0.02774149494851305
511,1,36,0,0,0,0,1,1,0,1,1,0,0.22042752946772454
2987,1,37,1,0,0,0,3,1,1,0,0,1,0.5160328611986845
5088,1,59,0,0,0,0,2,1,0,1,0,0,0.05584335839226676
4294,1,33,0,0,0,0,1,0,1,0,0,0,0.2235802830247294
3049,0,21,1,0,0,0,0,1,1,0,1,1,0.6941341720335842
84,0,44,0,0,0,0,0,0,0,1,0,0,0.07789833086160108
2161,1,61,0,0,0,0,0,0,0,1,0,0,0.016781692771892946
1381,1,32,1,0,0,0,1,1,1,0,1,0,0.4874574978051288
1488,1,27,1,0,0,0,0,1,1,0,1,1,0.5225907707984305
3163,1,40,1,0,0,0,3,0,1,0,1,0,0.3212837995719625
5880,1,27,1,0,0,0,15,1,1,0,1,1,0.980439946747057
3501,1,27,0,0,0,0,1,0,1,0,0,0,0.31642081516377935
2758,1,56,0,0,0,0,10,1,0,1,0,0,0.3656552509964322
133,1,29,0,0,0,0,1,0,1,0,0,0,0.2832317262717567
5015,1,21,1,0,0,0,0,0,1,0,1,0,0.4975932163427095
4066,0,39,0,0,0,0,0,0,0,1,0,0,0.11148052826614537
1603,1,36,0,0,0,0,0,0,0,1,0,0,0.10979655236399379
985,1,28,1,0,0,0,9,1,1,0,1,1,0.909353633126427
3610,0,63,1,0,0,0,1,0,1,0,0,0,0.05610343082043783
5196,0,25,1,0,0,1,0,0,0,1,0,0,0.4814658962149324
850,1,59,0,0,0,0,1,0,0,1,0,0,0.025150980919691177
2057,1,19,0,0,0,0,0,1,0,1,1,0,0.4567917717011408
5525,1,41,1,0,0,0,6,0,1,0,0,0,0.4844625977227974
228,0,48,1,0,0,0,0,0,1,0,0,0,0.13111616383464053
4574,1,61,0,0,0,0,0,0,0,1,0,0,0.016781692771892946
3391,1,45,1,0,0,0,11,0,1,0,0,1,0.7101454761117344
4589,0,38,0,0,0,0,1,1,0,1,1,0,0.23740608913192715
685,1,30,1,0,0,0,17,1,1,0,1,1,0.9850364841676691
2429,1,40,0,0,0,0,4,1,1,0,0,0,0.38718458536585487
4502,1,47,0,0,0,0,0,1,0,1,0,0,0.08406821146747125
3997,1,56,0,0,0,0,1,0,0,1,0,0,0.031674415540897394
2598,1,21,1,0,0,0,0,0,1,0,1,0,0.4975932163427095
1827,1,29,1,0,0,0,0,0,1,0,0,0,0.34468204689714793
4001,1,34,0,0,0,0,1,0,1,0,0,0,0.21014832948823625
506,1,31,1,0,0,0,3,1,0,1,1,1,0.5456659357001094
4858,1,35,1,0,0,0,16,1,1,0,1,1,0.9717108576992466
2888,1,54,1,0,0,0,11,0,1,0,1,1,0.5458981423664306
3020,1,59,0,0,0,0,2,0,1,0,0,0,0.04535521729505142
2860,1,27,0,0,0,0,0,1,0,1,0,0,0.30871449635838666
5030,0,43,0,0,0,0,0,0,1,0,0,0,0.11542262016537394
3444,1,24,0,0,0,2,8,1,1,0,1,1,0.9263892882629203
4986,0,27,0,0,0,0,5,1,1,0,1,1,0.7462352224655033
3719,0,30,0,0,0,0,4,0,1,0,1,1,0.5029155346924148
1209,1,41,1,0,0,0,0,0,0,1,0,0,0.1248330940722412
4416,0,23,1,0,0,0,2,1,1,0,1,1,0.7633581166624313
5114,0,21,1,0,0,0,0,0,0,1,1,0,0.4723236242528289
3746,1,32,1,0,1,0,5,0,1,0,0,1,0.7003938565237918
5415,1,22,0,0,0,0,1,1,1,0,0,1,0.5498290282541076
468,1,39,1,0,0,0,3,1,1,0,0,0,0.47650124964642515
1085,1,26,0,0,0,0,2,1,1,0,1,1,0.5345656791579361
2714,0,32,1,0,0,0,3,0,1,0,0,1,0.5348020333622387
3690,1,34,1,1,0,0,10,1,1,0,1,1,0.9443922029965871
1616,1,58,1,0,0,0,1,0,1,0,0,0,0.06406090280400685
5499,1,53,1,0,0,0,20,0,1,0,1,1,0.9280872495501954
1579,1,25,0,0,0,1,1,0,1,0,0,0,0.43561743939581093
4213,1,44,0,0,0,0,3,0,1,0,1,0,0.1672502584466079
454,1,35,1,0,0,0,0,0,1,0,1,0,0.24654005888045397
3552,1,30,1,0,0,1,6,1,0,1,1,1,0.7990206119617022
3469,1,25,1,0,0,0,1,0,1,0,1,0,0.4822266107291222
4467,1,33,1,4,0,0,12,1,1,0,1,1,0.9965285217280995
1075,1,28,1,0,0,0,0,0,1,0,0,0,0.3627636077224991
237,1,43,1,0,0,0,0,0,1,0,0,0,0.14804438455013552
5838,0,45,0,0,0,0,0,0,0,1,0,0,0.07240231539467369
2777,1,52,0,0,0,0,3,0,1,0,0,0,0.09637976832323526
5083,1,22,0,0,0,0,0,1,1,0,0,0,0.48626364911988484
5599,0,24,1,0,0,0,2,1,1,0,1,1,0.7487714001056879
5439,1,27,1,0,0,0,8,1,1,0,1,1,0.8937791134519634
4915,1,26,1,0,0,0,8,1,0,1,0,1,0.8645274856813138
1737,1,28,1,0,0,0,2,0,0,1,0,0,0.3991175306710125
2548,1,24,0,0,0,0,0,1,1,0,0,0,0.446906671853847
2285,1,24,0,0,0,0,0,1,1,0,1,0,0.446906671853847
4916,1,21,1,0,0,0,1,0,1,0,0,1,0.5610222773020141
1729,0,32,0,0,0,0,0,0,0,1,0,0,0.17917535374679547
1974,1,38,1,0,0,0,3,0,1,0,1,0,0.3567127566004812
3365,1,58,0,0,0,0,5,1,1,0,0,0,0.16407946573529827
1167,1,44,0,0,0,0,0,0,0,1,0,0,0.061474253487216225
3305,1,27,1,0,0,0,2,0,1,0,0,1,0.5063991249731193
4850,1,59,0,0,0,0,0,0,1,0,0,0,0.02774149494851305
3451,1,44,0,0,0,0,6,1,1,0,1,0,0.43395827988149305
5331,1,29,0,0,0,0,1,0,0,1,1,0,0.21684978128209384
1305,1,24,1,0,0,0,0,1,1,0,0,1,0.5812121211932719
5314,1,38,1,0,0,0,7,0,0,1,1,1,0.5186073245108457
1524,1,25,1,0,0,0,4,1,1,0,1,1,0.7804685621414775
2455,1,56,0,0,0,0,0,1,0,1,0,0,0.04309516246138629
961,1,37,0,0,0,0,0,0,0,1,0,0,0.10229967817770311
661,1,24,0,0,0,0,1,1,0,1,0,0,0.42217033412539884
1282,1,31,0,0,0,0,2,1,1,0,0,0,0.4360863824499829
978,1,21,1,0,0,0,0,1,1,0,1,1,0.6376266419630143
1185,1,33,1,0,0,0,0,1,1,0,0,0,0.405107425624227
2767,1,23,1,0,0,0,6,1,1,0,1,1,0.8739665840676717
1975,1,23,0,0,0,0,0,0,1,0,0,0,0.3298699824351226
1419,1,37,1,2,3,0,24,0,1,0,1,1,0.9995466568490801
2881,0,31,1,0,0,0,3,0,1,0,1,1,0.5544191965657976
2555,1,24,1,0,0,1,2,1,1,0,0,1,0.7668686336844934
73,1,25,1,1,6,1,14,1,1,0,1,1,0.9995207729245413
3234,0,53,0,0,0,0,0,0,0,1,0,0,0.03980167807585896
4497,1,49,0,0,0,0,8,0,1,0,0,0,0.3260532312959048
2244,1,21,1,0,0,0,1,0,1,0,1,1,0.5610222773020141
2445,1,66,0,0,0,0,0,0,1,0,0,0,0.01613568857155307
4735,1,21,0,0,0,0,0,1,1,0,1,1,0.5060371153341373
2342,0,32,1,0,0,0,0,0,1,0,0,0,0.3485579656135156
4518,1,41,0,0,0,0,0,0,0,1,0,0,0.07667785558537671
185,1,48,1,0,0,0,0,0,1,0,0,0,0.10474623050809291
3834,1,27,0,0,0,0,7,1,1,0,1,1,0.7915131508899557
5333,1,35,1,0,0,0,6,1,1,0,1,1,0.7285322700227682
5474,1,38,1,0,0,0,0,1,1,0,0,0,0.3143688329577403
3359,0,39,1,0,0,0,4,0,1,0,1,0,0.4602368158602617
2296,1,41,1,0,0,0,25,1,1,0,1,1,0.9953041976816653
3443,1,20,0,0,0,0,1,1,0,1,1,1,0.500641302328702
5460,1,32,1,0,0,0,4,1,1,0,0,1,0.6714249424840701
3169,0,23,0,0,0,0,0,0,0,1,1,0,0.30789801108990833
5584,0,41,1,0,0,0,2,1,1,0,1,0,0.43713928921376516
1369,1,44,1,0,0,0,6,0,1,0,1,0,0.4256806386402551
3319,1,25,1,0,0,0,4,1,0,1,0,1,0.7135659533674367
41,1,35,1,1,0,4,13,1,1,0,1,1,0.992827211312804
5767,1,53,0,0,0,0,0,0,0,1,0,0,0.031138651383088255
383,1,52,0,0,0,0,6,1,1,0,1,0,0.2893402710480282
5431,1,23,1,0,0,0,1,1,1,0,1,1,0.6596644550828585
5974,0,29,1,0,1,0,7,1,1,0,1,1,0.9187531134560867
89,1,30,0,0,0,0,0,0,1,0,0,0,0.22053777318755896
1087,1,21,0,0,0,0,0,0,1,0,1,0,0.3657355547537916
724,1,24,0,0,2,0,3,1,1,0,0,1,0.8115703868511137
3304,1,40,1,0,0,0,13,0,1,0,1,1,0.8583330537522313
2126,1,47,1,0,0,0,0,1,0,1,0,0,0.1361802010819106
1582,0,58,1,0,0,0,3,0,0,1,0,0,0.09338142121733584
5138,0,52,0,0,0,0,0,1,0,1,0,0,0.07382150830760302
599,0,46,0,0,0,0,2,0,1,0,1,0,0.14629532929755074
5245,1,36,1,0,0,0,6,0,0,1,0,0,0.4944357959786039
232,1,22,1,0,1,1,3,1,0,1,1,1,0.8458662999506131
3209,1,49,0,0,0,0,0,0,0,1,0,0,0.04223973300302408
5095,1,24,1,0,0,0,6,1,1,0,1,1,0.8649919969085542
2872,1,40,0,1,0,0,9,0,1,0,1,1,0.7284934704135368
4855,1,26,0,0,0,0,1,1,1,0,0,0,0.470918971747647
245,1,34,1,0,0,0,5,0,0,1,0,0,0.4702902503664724
3729,0,24,1,0,0,0,3,0,1,0,1,1,0.6840192015186229
2288,1,26,1,0,0,0,13,1,0,1,1,1,0.9580374820465668
5094,1,25,1,0,0,0,5,0,1,0,1,1,0.7208402015590141
4871,1,41,1,0,0,0,19,0,1,0,1,1,0.9627463272928376
4228,1,63,0,0,0,0,5,0,0,1,0,0,0.04954476074469086
9,0,37,0,0,0,0,0,0,0,1,0,0,0.1281418499976388
2614,1,27,0,0,0,0,1,0,0,1,0,0,0.2449181779020999
1358,1,23,0,0,0,0,0,1,1,0,0,0,0.46653308826134565
2461,1,48,0,0,0,0,3,0,1,0,0,0,0.12767463175747515
4433,1,30,0,0,0,0,0,0,1,0,0,0,0.22053777318755896
3219,1,37,0,0,0,0,0,0,1,0,0,0,0.13987875882634138
5330,1,30,1,0,0,0,2,1,1,0,1,1,0.5897607348759794
4877,1,43,1,0,0,0,4,1,1,0,0,0,0.4611880831619567
6051,1,44,0,0,0,0,0,1,0,1,0,0,0.1042390482149737
5912,1,27,1,0,0,0,4,0,0,1,1,1,0.5448401474667404
4550,1,27,1,0,0,0,4,1,1,0,1,1,0.7521629054847161
758,0,29,1,0,0,0,1,0,1,0,1,0,0.46676952875749494
6122,1,61,1,0,0,0,4,1,0,1,1,0,0.1261813516059348
888,0,37,0,0,0,0,0,0,0,1,0,0,0.1281418499976388
1722,1,31,1,0,0,0,2,1,1,0,1,1,0.5704941343782257
1750,0,43,0,0,0,0,7,0,1,0,1,0,0.43734715385327805
5157,1,66,0,0,0,0,0,0,0,1,0,0,0.011361627545389934
5158,1,28,1,0,0,0,7,0,0,1,1,1,0.7038193961136904
2855,1,25,1,0,0,0,0,1,0,1,0,0,0.4732779687470638
2566,1,31,0,0,0,0,3,1,0,1,0,0,0.4115033621399853
3545,0,61,0,0,0,0,8,1,1,0,0,0,0.30021989824248557
1173,1,20,1,0,0,2,0,0,1,0,0,1,0.6847416942573203
5048,1,31,1,1,0,0,5,0,0,1,1,1,0.7036023580764259
2221,1,34,1,0,0,0,0,1,0,1,1,0,0.3059823696373999
4188,1,42,0,0,0,0,2,1,1,0,1,0,0.24466743054414633
4655,1,28,1,0,0,0,8,1,0,1,1,1,0.84490634004452
2380,1,21,1,0,0,0,0,0,1,0,0,0,0.4975932163427095
6134,1,57,0,0,0,0,14,1,1,0,0,1,0.6781708841550868
2226,0,32,1,0,0,0,0,1,0,1,0,0,0.39979694065332455
1011,1,43,0,0,0,0,0,1,0,1,0,0,0.1118603364372241
1657,1,34,0,0,0,0,0,0,1,0,0,0,0.17094130339102595
6064,0,29,1,0,0,0,2,1,1,0,0,1,0.6674171162283695
2395,1,38,0,0,0,0,0,0,0,1,0,0,0.09525991191747424
3730,0,24,1,0,0,0,1,0,1,0,0,1,0.5652326183848349
3918,0,26,0,0,0,0,2,1,1,0,1,1,0.5969865126485001
4906,1,32,0,0,0,0,3,0,1,0,1,0,0.3416532339759458
4092,1,27,1,0,0,0,2,0,1,0,1,1,0.5063991249731193
3613,1,47,0,0,0,0,28,1,1,0,1,1,0.9939739273202419
2020,1,24,1,0,1,3,4,1,1,0,1,1,0.9458877069572534
5181,1,33,0,0,0,0,0,0,0,1,0,0,0.13522909337276534
2968,1,56,1,0,0,0,3,1,0,1,0,0,0.1425160905955733
689,1,26,0,0,0,0,8,0,1,0,0,1,0.7490239589276314
3861,1,30,1,0,0,0,1,1,1,0,0,1,0.5269830595246118
5299,1,24,0,0,0,0,0,0,0,1,0,0,0.24167568212952173
62,1,39,1,0,0,0,1,0,0,1,0,0,0.177368315054644
294,1,21,0,0,0,0,2,0,1,0,1,0,0.48983212338508103
1857,1,32,1,0,0,0,14,1,1,0,1,1,0.9631739484912165
3339,1,47,0,0,0,0,2,0,1,0,0,0,0.10933929720849643
338,1,60,0,0,0,0,4,0,1,0,0,0,0.0681129249707473
3153,0,43,1,0,0,0,2,1,1,0,0,0,0.3986728329917398
501,1,27,1,0,0,0,0,0,0,1,0,0,0.30155313549348445
4451,1,28,0,0,0,0,0,0,0,1,0,0,0.1884749795015999
5587,1,24,1,0,0,0,0,0,1,0,1,0,0.4385734109638988
4638,1,29,1,0,0,0,11,1,1,0,0,1,0.9391485285294066
717,1,43,0,0,0,0,3,0,1,0,0,0,0.17856017074850042
5754,1,20,1,0,0,0,0,1,1,0,1,1,0.6556992609579557
4298,1,36,0,0,0,0,1,0,0,1,0,0,0.13730200779900523
5454,1,30,1,0,0,0,3,0,0,1,1,0,0.42252366675411207
1439,1,20,0,0,1,0,1,1,1,0,1,1,0.692642132755843
5830,1,27,0,0,0,0,2,1,0,1,0,0,0.42647257136516015
4538,0,36,1,0,0,0,1,0,0,1,1,0,0.2606654694894554
202,1,30,1,0,0,0,4,0,1,0,0,1,0.5739901109942177
3224,0,32,1,0,0,0,1,0,0,1,0,0,0.3260561556967367
2930,1,50,0,0,0,0,2,0,1,0,0,0,0.08827879718784422
3741,1,42,0,0,0,0,0,0,1,0,0,0,0.09869213284000025
611,1,21,0,0,0,0,1,0,1,0,0,0,0.4266294700935307
3982,0,45,0,0,0,0,0,0,0,1,0,0,0.07240231539467369
342,0,22,1,0,0,0,0,0,1,0,1,1,0.5413316706864444
5440,1,26,1,0,0,0,2,1,1,0,0,1,0.6636074112831996
2832,1,28,1,0,0,0,5,1,0,1,1,1,0.7171521936577367
4427,1,22,1,0,0,0,0,1,1,0,1,1,0.6191563700482831
5987,1,49,0,0,0,0,3,1,1,0,1,0,0.19371001334113072
5589,0,23,1,0,0,0,0,1,0,1,0,1,0.5758276533174937
304,1,30,0,0,0,0,0,0,1,0,0,0,0.22053777318755896
4646,1,36,0,0,0,0,5,0,1,0,0,0,0.3863946617690139
3320,1,45,0,0,0,0,2,0,1,0,0,0,0.12572588390169223
1401,1,28,1,2,1,0,11,0,1,0,1,1,0.9850439807507541
5192,1,54,0,0,0,0,0,0,1,0,0,0,0.04065425329788805
1438,0,34,0,0,0,0,1,1,1,0,1,0,0.3787433201471447
5372,1,22,0,0,0,0,0,0,0,1,0,0,0.27184205845672443
4400,1,56,0,0,0,0,1,0,1,0,0,0,0.04459870412394722
4622,1,39,0,0,0,0,3,1,1,0,1,0,0.3463793630598534
5751,1,23,1,0,0,0,1,1,1,0,0,1,0.6596644550828585
5012,1,23,0,0,0,2,1,1,1,0,1,1,0.6957284262408423
5428,1,29,1,0,0,0,2,0,1,0,1,0,0.4668935492177631
3033,1,56,1,0,0,0,0,0,0,1,0,0,0.04172357188989198
388,1,63,0,0,0,0,2,0,1,0,0,0,0.03346395919369648
44,1,29,0,0,0,0,1,1,1,0,0,0,0.41246556050170224
4701,1,51,1,0,0,0,21,1,1,0,1,1,0.9719559533798655
231,1,30,1,0,0,0,11,1,1,0,1,1,0.9344673854455656
5408,1,31,1,0,0,0,6,1,1,0,0,1,0.786444284566083
4277,1,61,0,0,0,0,0,0,0,1,0,0,0.016781692771892946
1866,1,36,1,0,0,0,0,1,0,1,0,0,0.2734501784894214
3984,1,40,0,0,0,0,4,1,1,0,0,0,0.38718458536585487
3338,1,22,1,0,1,0,1,0,1,0,1,1,0.6503336495353842
5477,1,29,1,0,0,0,11,0,0,1,1,1,0.8589019980666928
5773,1,29,1,1,0,0,3,1,0,1,1,1,0.747921204573708
4331,1,44,1,0,0,0,6,1,1,0,0,1,0.568371216618824
265,0,51,0,0,0,0,0,0,0,1,0,0,0.046308574024285884
5176,1,24,1,0,0,1,1,1,1,0,0,1,0.7182452874085684
2644,1,35,0,0,0,0,5,0,1,0,1,0,0.40531102682936426
5370,1,25,0,0,0,0,1,0,1,0,0,0,0.3515913095423624
938,1,24,0,0,0,0,0,1,1,0,1,0,0.446906671853847
2273,1,23,0,0,0,1,3,1,1,0,0,1,0.7278681485677837
2641,1,23,1,0,0,0,0,0,1,0,1,0,0.45813699771965527
3663,0,48,0,0,0,0,8,1,0,1,0,0,0.4567413933825766
1777,1,37,0,0,0,0,0,0,0,1,0,0,0.10229967817770311
2706,1,24,0,0,0,0,1,0,0,1,0,0,0.29140391765057144
2408,1,22,0,0,0,2,0,0,1,0,1,1,0.5191165274413397
1149,1,29,1,0,0,0,0,0,1,0,0,0,0.34468204689714793
3847,1,47,0,0,0,0,1,1,1,0,1,0,0.14458220287300858
2711,1,29,1,0,0,0,2,1,1,0,0,1,0.6087557859578583
359,1,27,0,0,0,0,3,0,0,1,0,0,0.35068635743749194
296,1,22,0,0,0,0,0,0,1,0,0,0,0.34758666125965737
5248,1,47,0,4,0,0,22,1,1,0,1,1,0.9985870144887136
2294,1,33,0,0,0,0,7,1,1,0,1,1,0.7025389015193548
3653,1,21,0,1,0,0,1,1,1,0,0,1,0.7359945119522109
1203,1,42,0,0,0,0,1,1,0,1,0,0,0.14958878905675962
1311,1,26,0,0,0,0,0,0,0,1,0,0,0.2138736316136761
1823,1,46,1,0,0,0,5,1,1,0,1,0,0.4655675710550473
2254,1,53,1,0,0,0,0,0,0,1,0,0,0.05231478159548894
5189,0,57,0,0,0,0,4,0,1,0,0,0,0.10675950509922799
529,1,61,1,0,0,0,15,1,1,0,1,1,0.7729089990124478
254,1,37,0,0,0,0,5,0,1,0,0,0,0.3678151040475223
136,0,30,0,0,0,0,3,1,1,0,1,1,0.5821068338459237
771,0,28,0,0,0,1,3,0,0,1,0,0,0.478112059838972
1526,1,24,0,0,0,0,0,0,0,1,0,0,0.24167568212952173
2098,0,31,1,0,0,0,14,0,1,0,1,1,0.9535968300788699
1783,1,38,1,0,0,0,9,0,1,0,1,1,0.7190944966396882
2079,0,41,0,0,0,0,0,0,1,0,0,0,0.1325851917605871
1577,1,23,0,0,0,0,1,1,1,0,0,1,0.5301810280874866
5803,1,27,1,0,0,0,10,1,1,0,1,1,0.9333805377554761
5426,1,44,1,0,0,0,2,0,0,1,1,0,0.15777392665796328
3326,1,53,0,0,0,0,18,0,1,0,0,1,0.8185962283334817
4729,1,57,1,0,0,0,16,1,0,1,1,1,0.8085402216836277
4307,1,28,1,0,2,0,7,1,1,0,1,1,0.9372914199042839
5648,1,26,1,0,0,0,0,0,1,0,0,0,0.40007045617379294
5879,1,29,1,0,0,0,8,1,0,1,1,1,0.8342548717417568
2690,1,41,0,0,0,0,2,0,0,1,0,0,0.1214802249476113
664,1,57,1,0,0,0,11,0,1,0,1,0,0.48669920694132995
5937,0,21,0,0,0,0,0,1,0,1,1,0,0.48074903802680363
1089,1,30,0,0,0,0,0,0,1,0,0,0,0.22053777318755896
2447,1,24,1,0,0,0,0,0,0,1,1,0,0.3537522207052559
16,1,31,0,0,0,0,5,1,1,0,0,1,0.6242804552953546
3704,1,26,1,0,0,0,0,0,1,0,0,0,0.40007045617379294
5995,1,74,0,0,0,0,0,0,0,1,0,0,0.006066081455359007
1271,1,38,0,0,0,0,0,0,1,0,0,0,0.1306292874261103
3913,0,21,1,0,0,0,0,1,0,1,1,1,0.6139357058712069
3075,1,54,0,0,0,0,0,0,0,1,0,0,0.028838526676889457
4272,1,54,1,0,0,0,1,0,1,0,0,0,0.08585882048818923
4237,0,64,0,0,0,0,0,0,0,1,0,0,0.017066427312816896
4747,1,22,0,0,0,0,1,1,1,0,0,1,0.5498290282541076
5846,0,29,1,0,0,0,5,1,1,0,0,1,0.811738085991301
113,0,29,0,0,1,0,10,1,1,0,0,1,0.9339748752719297
3054,1,23,0,0,0,0,0,1,0,1,0,0,0.3799641127331649
6040,1,20,1,1,0,1,1,1,1,0,1,1,0.8806262220492123
572,1,22,1,0,0,1,3,0,1,0,1,1,0.736754029078642
2442,1,28,1,0,1,0,6,1,1,0,1,1,0.8802978525092353
5005,1,24,1,0,0,0,2,1,0,1,1,1,0.6182193536547594
433,1,33,1,0,0,0,2,0,0,1,0,0,0.30902365546588945
5597,1,29,1,0,0,0,9,1,1,0,1,1,0.902618113131958
5971,0,45,1,0,0,0,0,0,1,0,0,0,0.1605961431459997
5035,1,33,0,0,0,0,9,1,1,0,1,1,0.7972663290397101
2742,1,20,1,0,1,0,1,1,1,0,1,1,0.7946896498063742
5043,1,45,0,0,0,0,0,0,1,0,0,0,0.07949939378546422
3648,1,29,1,1,2,0,6,1,1,0,1,1,0.95757279331227
4831,1,23,1,0,0,0,0,0,1,0,0,0,0.45813699771965527
4600,1,21,1,0,0,0,0,0,1,0,0,0,0.4975932163427095
5057,1,43,1,0,0,0,3,1,0,1,0,0,0.3173163780978025
385,1,55,1,0,0,0,5,1,1,0,0,0,0.2994479882981192
2266,1,22,1,0,0,0,0,0,1,0,0,0,0.47783052586633895
4202,1,49,0,0,0,0,4,0,0,1,1,0,0.10895309942508623
5000,0,35,1,0,0,0,7,1,1,0,0,1,0.8170621503414723
1473,1,26,0,0,0,0,7,1,1,0,1,1,0.8042669337248639
5629,1,47,1,0,0,0,5,0,1,0,1,0,0.31179046096641744
5225,0,28,0,0,0,0,2,1,1,0,1,1,0.5584088031936424
3540,1,36,0,0,0,0,0,0,0,1,0,0,0.10979655236399379
5162,1,33,1,0,0,1,9,1,0,1,1,1,0.8707577495309783
4313,1,37,1,0,0,0,0,0,1,0,1,0,0.2183395365421726
641,1,21,0,0,0,0,1,1,1,0,0,1,0.5693228151215837
1988,1,27,1,0,0,1,8,1,1,0,1,1,0.9229429776784989
3071,1,24,0,0,0,0,3,1,1,0,1,1,0.6345161164678911
479,1,40,0,0,0,0,5,0,1,0,0,0,0.31455094342994133
1235,1,19,1,0,2,0,3,1,1,0,0,1,0.9165767797958209
635,0,37,1,0,0,0,0,0,1,0,1,0,0.26484663491093835
4337,1,77,1,0,0,0,0,0,0,1,0,0,0.008200252518922362
1784,1,61,0,0,0,0,0,0,0,1,0,0,0.016781692771892946
4691,0,21,1,0,0,0,0,0,1,0,1,1,0.5608995603712269
159,1,45,0,0,0,0,8,1,0,1,0,0,0.4524980948249975
282,1,29,1,0,0,0,0,0,1,0,0,0,0.34468204689714793
5266,1,26,0,0,0,0,0,1,1,0,0,0,0.40820405460995146
5169,1,56,0,0,0,0,1,0,1,0,0,0,0.04459870412394722
4470,1,26,0,0,0,0,3,1,1,0,1,1,0.597106388527456
3102,1,51,1,0,0,0,0,1,0,1,0,0,0.103046781162924
4323,1,28,1,0,0,0,2,1,1,0,1,1,0.6274269429425909
1196,1,34,0,0,0,1,0,0,1,0,0,0,0.22690213123452063
5970,1,56,0,0,0,0,0,1,0,1,0,0,0.04309516246138629
5926,1,25,0,0,0,0,2,1,1,0,1,1,0.5541845007755576
205,1,37,0,0,0,0,0,1,1,0,0,0,0.22415895245926049
1340,0,39,1,0,1,0,6,0,1,0,1,1,0.6909986097808359
107,1,42,0,0,0,0,6,0,1,0,0,0,0.33576896501883735
1327,1,22,1,0,0,0,0,0,1,0,0,0,0.47783052586633895
3835,1,27,0,0,0,0,0,1,1,0,0,0,0.389241043619774
5753,1,22,0,0,0,0,0,1,1,0,1,0,0.48626364911988484
356,1,48,0,0,0,0,1,1,0,1,0,0,0.09863509047006165
5939,1,27,1,0,0,0,5,1,0,1,1,1,0.7329199350174522
1163,1,26,0,0,0,0,0,0,1,0,1,0,0.2796698658375263
974,1,56,1,0,0,0,0,0,1,0,0,0,0.0585005509142131
2907,0,56,0,0,0,0,10,1,1,0,1,1,0.514788612878195
33,1,34,1,2,1,3,21,1,1,0,1,1,0.9996280084746999
4867,1,33,1,0,0,0,12,1,1,0,1,1,0.9355377265809456
4746,1,45,0,0,0,0,2,0,1,0,0,0,0.12572588390169223
3640,1,26,0,0,0,0,2,0,1,0,0,0,0.3926416883457731
2038,1,22,1,0,0,0,0,0,0,1,1,0,0.390700530469067
3083,1,34,0,0,0,1,5,1,1,0,1,1,0.6510173275005325
2806,0,26,0,0,0,0,0,0,0,1,0,0,0.25974557768770995
896,1,47,1,0,0,0,4,0,1,0,0,0,0.25985907375814216
759,1,43,0,0,0,0,0,0,0,1,0,0,0.06619992847722994
5758,0,31,1,0,0,0,3,1,0,1,0,1,0.6076906055950547
5813,1,55,0,0,0,0,2,0,0,1,0,0,0.04368798647701036
5969,1,46,1,0,0,0,2,1,1,0,1,0,0.2884825115129717
533,1,27,0,0,0,0,5,0,0,1,1,0,0.4734885619516762
4042,1,37,1,0,0,0,3,0,0,1,1,0,0.2960489364080501
3752,1,30,1,0,0,0,4,0,1,0,0,1,0.5739901109942177
5364,0,23,1,0,0,0,0,0,1,0,0,1,0.521635466037874
4283,1,21,1,0,0,0,4,0,1,0,1,1,0.7330454763605668
3868,1,30,1,0,1,0,9,1,1,0,1,1,0.9309807726873356
588,1,24,1,0,0,0,1,0,0,1,1,0,0.41395310791540746
5376,1,18,1,5,0,2,4,1,1,0,1,1,0.9980907785304127
5907,1,22,1,0,0,0,0,1,1,0,1,1,0.6191563700482831
2579,1,25,0,0,0,0,1,0,1,0,1,0,0.3515913095423624
5685,1,28,1,0,0,0,0,0,0,1,0,0,0.28515726440979494
3673,1,25,0,0,0,0,0,1,1,0,0,0,0.42744434856866775
4731,0,36,0,0,0,0,7,1,1,0,1,1,0.7061029680043333
4533,1,59,1,0,0,0,8,1,1,0,1,0,0.40094098436215697
3544,1,57,1,0,0,0,0,0,0,1,0,0,0.038672778060619126
4537,1,43,1,0,0,0,0,1,1,0,0,0,0.23589521291448612
4385,1,43,0,0,0,0,1,0,0,1,0,0,0.08381212050671565
2635,1,26,0,0,0,0,0,0,0,1,1,0,0.2138736316136761
677,0,24,1,0,0,0,1,1,0,1,1,1,0.6181017418862617
2228,1,29,0,0,0,0,0,0,0,1,0,0,0.17667213578324636
3388,1,57,0,0,0,0,12,0,0,1,1,0,0.33295787046108666
1199,1,35,0,0,0,0,0,0,0,1,0,0,0.11777074715880273
6085,1,28,0,0,0,0,11,0,1,0,1,1,0.8455364623672862
4338,1,52,0,0,0,0,3,0,0,1,0,0,0.06954204753757261
2522,1,45,0,0,0,0,1,1,0,1,0,0,0.12183610648076645
4055,1,20,0,0,0,0,0,1,1,0,0,1,0.5257917132046922
1696,0,33,1,0,0,0,1,0,0,1,0,0,0.3089172700068471
6057,1,47,1,0,0,0,14,0,0,1,1,1,0.7589731340753297
1034,0,28,0,0,0,0,1,0,0,1,0,0,0.2787702218850064
4727,1,27,1,0,0,1,0,0,1,0,0,0,0.4672478234839008
3686,1,59,1,0,0,0,0,0,0,1,0,0,0.03320144852211658
2093,1,32,1,0,0,0,1,1,1,0,1,0,0.4874574978051288
5343,1,55,1,0,0,0,5,0,1,0,0,0,0.1939363126720889
2908,1,23,1,0,0,0,0,1,1,0,0,1,0.6003347558868429
2142,0,62,0,0,0,0,0,0,0,1,0,0,0.019933658362044557
6086,0,50,0,0,0,0,1,1,1,0,0,0,0.14671176744513476
2065,1,46,0,0,0,0,5,1,1,0,1,0,0.33651215152216085
5778,1,46,1,0,0,0,4,0,1,0,0,0,0.2753606717494672
1597,1,36,1,0,0,0,0,0,1,0,0,0,0.23214116877512297
2003,1,24,0,0,0,3,3,1,0,1,1,1,0.7782089952204215
4126,1,57,1,0,0,0,8,0,0,1,1,0,0.23619304015882225
4429,1,35,1,0,0,0,2,0,1,0,0,0,0.35268150343435195
4095,1,27,1,0,0,0,0,0,1,0,1,0,0.3812418777099579
5384,1,19,0,0,1,3,1,1,1,0,1,1,0.8755405076568386
4595,1,64,1,0,0,0,8,1,0,1,0,0,0.23999212921023277
3147,1,37,0,0,0,0,2,0,0,1,0,0,0.15948680593436054
1929,1,28,1,0,0,0,9,1,1,0,0,1,0.909353633126427
293,1,69,0,0,0,0,0,0,0,1,0,0,0.008982859700066077
1471,1,56,0,0,0,0,4,0,1,0,0,0,0.0911553335817968
301,1,23,1,2,0,0,3,1,1,0,1,1,0.9348689855549286
3520,0,40,0,0,0,0,2,0,0,1,0,0,0.16179437946352793
2052,1,35,0,0,0,0,1,0,1,0,0,0,0.19731824633376788
3387,1,57,1,0,0,0,19,0,1,0,1,1,0.8793508833878432
1562,1,31,1,0,0,0,5,0,0,1,1,1,0.5295523771933247
1650,1,22,1,0,0,0,0,0,1,0,0,0,0.47783052586633895
1504,1,34,1,0,0,1,3,1,1,0,0,1,0.6580381870678975
4941,1,32,0,0,0,0,3,0,1,0,0,0,0.3416532339759458
386,1,26,1,1,1,0,10,1,1,0,1,1,0.9805333155923555
4971,1,31,0,0,0,0,5,1,1,0,1,1,0.6242804552953546
2565,1,48,0,0,0,0,1,0,0,1,0,0,0.05802044295738396
3044,1,37,1,0,0,0,20,1,1,0,1,1,0.9878490088177353
1215,1,25,1,0,0,0,8,1,1,0,1,1,0.9078913323103215
2348,0,38,0,0,0,0,0,1,1,0,0,0,0.2561149335723704
4572,1,30,1,0,0,0,1,0,1,0,1,0,0.38540521809131156
3325,0,33,0,0,0,0,0,0,1,0,0,0,0.2234937983938184
258,1,27,1,0,0,0,0,0,0,1,0,0,0.30155313549348445
5902,1,55,1,0,0,0,3,1,0,1,1,0,0.1524596295077007
1557,1,44,1,2,0,0,19,1,0,1,1,1,0.9912169820939444
1708,1,25,1,0,0,0,0,0,1,0,0,0,0.41919894071496205
3849,1,29,1,0,0,1,17,1,1,0,1,1,0.9902361478425201
238,1,37,0,0,0,0,3,0,1,0,0,0,0.2589410310444663
3122,1,22,0,0,0,0,3,1,0,1,1,1,0.5876419454025452
1350,0,20,0,0,0,0,0,0,1,0,0,0,0.4459604808494776
5865,1,27,0,0,0,0,0,1,1,0,0,0,0.389241043619774
5312,1,21,0,0,0,0,0,1,0,1,0,0,0.4178798752696983
4326,1,68,0,0,0,0,0,0,0,1,0,0,0.00971516373781078
4310,0,24,1,0,0,0,2,1,1,0,1,1,0.7487714001056879
2081,1,34,1,0,0,0,0,0,1,0,0,0,0.261527872596834
1481,1,66,0,0,0,0,1,0,1,0,0,0,0.02072411647538923
4816,1,30,0,0,0,0,0,0,0,1,0,0,0.1654577229409389
814,1,27,1,0,0,0,10,1,1,0,1,1,0.9333805377554761
4545,0,42,1,0,0,0,16,0,1,0,1,1,0.9347805442475515
1647,1,42,0,0,0,0,0,0,1,0,0,0,0.09869213284000025
4278,0,38,1,0,0,0,0,0,0,1,0,0,0.18913055255986075
5041,1,23,1,0,0,0,0,0,1,0,0,0,0.45813699771965527
1694,1,32,1,0,0,1,8,0,1,0,0,1,0.8194717057878272
360,1,26,1,0,0,0,3,0,1,0,0,1,0.5889547193261682
4936,0,41,0,0,0,0,9,1,0,1,0,1,0.6536751083331959
5789,0,26,0,0,0,0,1,0,1,0,1,0,0.3925228690845432
743,0,52,1,0,0,0,0,0,1,0,0,0,0.09907353955294979
462,1,44,1,0,0,0,1,0,0,1,0,0,0.1267700102552859
2852,1,27,0,0,0,1,18,1,1,0,1,1,0.9889201463122375
3974,1,22,1,0,0,0,0,1,1,0,0,1,0.6191563700482831
4888,1,37,0,0,0,0,9,0,1,0,1,1,0.6173121337124551
5487,1,37,0,0,0,0,1,0,0,1,0,0,0.12819752830058515
4187,0,21,0,0,0,0,0,0,0,1,0,0,0.3425959637983713
1684,1,46,0,0,0,0,1,1,0,1,0,0,0.11362209946257393
3229,0,36,1,2,0,0,4,1,0,1,1,1,0.8568460763817182
1915,1,25,1,0,1,0,21,1,1,0,1,1,0.9976632803367044
1581,1,51,0,0,0,0,1,1,1,0,0,0,0.10966405118373318
3927,1,25,0,0,0,0,2,0,1,0,1,0,0.4116587065645048
4666,0,53,1,0,0,0,5,0,1,0,1,0,0.2665936515684956
3647,0,23,1,0,0,0,0,0,0,1,0,0,0.43314364521506243
4958,1,46,0,0,0,0,1,0,1,0,0,0,0.09335530210697876
2054,0,52,1,0,0,0,8,0,1,0,1,0,0.4580865961526276
5808,0,42,1,3,0,0,17,1,1,0,1,1,0.9967656577863554
4317,1,20,1,0,0,1,2,1,1,0,1,1,0.8186382876879232
6139,1,25,1,0,0,0,1,0,1,0,0,0,0.4822266107291222
3399,1,39,1,0,0,0,4,0,1,0,0,0,0.3979940665895561
2032,1,20,1,0,0,0,0,0,1,0,0,1,0.5173634298792028
3732,1,25,0,0,0,0,2,1,0,1,1,0,0.46554470183515917
1147,1,19,1,3,0,0,2,1,1,0,1,1,0.9698707350365667
779,1,25,1,0,0,0,0,0,0,1,0,0,0.3358830719820449
5859,1,36,0,0,0,0,5,0,1,0,0,0,0.3863946617690139
826,1,29,1,0,0,0,0,0,1,0,0,0,0.34468204689714793
4398,1,33,1,0,0,0,1,0,1,0,0,0,0.33092719853666897
2969,1,46,0,0,0,0,7,1,1,0,1,0,0.45785077741995156
6005,0,36,1,0,0,0,1,0,0,1,0,0,0.2606654694894554
2985,1,56,0,0,0,0,0,0,1,0,0,0,0.03491277048709775
363,1,29,1,0,0,0,2,0,1,0,1,0,0.4668935492177631
5371,0,46,0,0,0,0,0,0,1,0,0,0,0.09331313664933609
204,1,31,0,0,0,0,0,1,1,0,1,0,0.31714162378890015
3668,1,34,0,0,0,0,0,0,1,0,0,0,0.17094130339102595
3715,1,28,1,0,0,0,0,1,0,1,1,0,0.4147612886278877
2675,1,57,1,0,0,0,23,1,1,0,1,1,0.9729003072284135
5786,1,36,0,0,0,0,1,0,1,0,0,0,0.18508791726180457
15,1,31,0,0,0,0,6,1,1,0,1,1,0.6819387562913024
6137,1,24,1,0,0,0,2,1,0,1,0,1,0.6182193536547594
5543,1,52,1,0,0,0,7,1,1,0,1,0,0.4743418199995113
126,1,27,1,0,0,0,2,1,1,0,1,1,0.6457256160497737
5269,1,24,0,0,0,0,1,0,0,1,0,0,0.29140391765057144
898,0,38,0,0,0,0,0,0,1,0,0,0,0.16233375636205552
2206,1,37,0,0,0,0,0,0,0,1,0,0,0.10229967817770311
1319,1,29,0,0,0,0,0,0,1,0,0,0,0.23443668447149218
4285,1,68,1,0,0,0,2,0,1,0,0,0,0.03849891281966946
4018,1,21,0,0,0,0,0,1,0,1,0,0,0.4178798752696983
2583,0,20,1,0,0,0,1,1,1,0,1,1,0.7601617977570612
4329,1,20,1,0,0,0,0,0,1,0,0,1,0.5173634298792028
3592,1,31,0,0,0,0,0,0,0,1,0,0,0.15482129685203053
1956,1,34,0,0,0,0,1,1,1,0,0,0,0.3209680724492755
3533,0,26,0,0,0,0,2,0,0,1,1,0,0.3687895843377696
5505,1,67,0,0,0,0,0,0,1,0,0,0,0.014926716740732444
3119,1,27,1,0,0,0,6,1,1,0,1,1,0.8348033480706752
4165,0,29,0,0,0,0,20,1,1,0,1,1,0.9913756397112632
423,1,66,1,0,0,0,33,1,1,0,1,1,0.9955843332345666
509,1,22,1,0,0,0,11,1,1,0,1,1,0.9640945307292704
3276,1,50,1,0,0,0,13,1,1,0,0,1,0.8299297862469656
200,1,28,0,0,0,0,1,0,1,0,1,0,0.2995632794165075
5173,1,43,0,0,0,0,2,0,1,0,0,0,0.14417078813724094
4116,1,38,1,0,0,0,0,0,0,1,0,0,0.15314939485818152
5697,1,32,1,0,0,0,0,0,0,1,1,0,0.22522771426104732
1837,1,40,1,0,0,0,3,0,1,0,0,0,0.3212837995719625
4645,1,44,1,0,0,0,0,0,1,0,0,0,0.13834180753512415
1525,1,69,0,0,0,0,6,1,1,0,0,0,0.09591672672589126
3176,0,47,0,0,0,0,0,0,0,1,0,0,0.062469106845309014
837,1,42,0,0,0,0,0,0,0,1,0,0,0.07126129453854224
3802,1,25,0,4,0,1,13,1,1,0,0,1,0.9982730379056223
1778,0,27,0,0,0,0,0,0,0,1,0,0,0.24482604207668457
3311,1,49,1,0,0,0,0,0,0,1,0,0,0.07041656944805576
5145,1,52,1,0,0,0,2,1,1,0,1,0,0.20142388138933864
5329,1,33,0,0,0,0,6,1,1,0,1,1,0.6466801697963409
1741,1,40,0,0,0,0,8,1,1,0,1,1,0.6365900621541748
2406,1,35,0,0,0,0,7,0,1,0,1,1,0.5315815302723829
3478,0,44,0,0,0,0,0,1,0,1,0,0,0.1304999103065261
2085,0,27,0,0,0,0,0,0,1,0,0,0,0.3163130488960503
5954,1,22,1,0,0,0,0,0,0,1,1,0,0.390700530469067
5592,1,20,1,0,0,0,0,0,0,1,0,0,0.42894647729733154
4250,0,43,1,0,0,0,2,0,0,1,0,0,0.2072905122652377
1356,1,45,1,0,0,0,2,0,0,1,1,0,0.14754412339367132
1379,0,31,1,0,0,0,2,0,1,0,0,0,0.4909018314082038
4918,1,46,0,0,0,0,1,0,0,1,0,0,0.06729704643217879
3718,0,33,1,0,0,0,3,0,0,1,0,0,0.4267049486910331
4322,1,28,1,0,0,0,6,1,1,0,1,1,0.8236028899604474
3440,0,36,0,0,0,0,2,0,1,0,0,0,0.2743089688987507
766,1,32,1,0,0,0,3,1,1,0,0,1,0.6129424784508734
957,0,52,1,0,0,0,1,0,1,0,0,0,0.12426772854919471
784,1,21,1,0,0,0,2,1,1,0,1,1,0.745538299224638
1040,1,60,1,0,0,0,12,0,1,0,0,0,0.4911001466068499
2067,0,38,0,0,0,0,0,0,1,0,0,0,0.16233375636205552
431,1,30,0,0,0,0,7,0,0,1,0,1,0.5415058682698414
3685,0,59,0,0,0,0,0,0,0,1,0,0,0.025138766910731976
1487,1,29,0,0,0,0,2,0,1,0,0,0,0.33770282687766345
3189,1,25,0,0,0,0,2,1,0,1,0,0,0.46554470183515917
1062,1,20,1,0,0,0,0,1,1,0,1,1,0.6556992609579557
5273,1,40,1,0,0,0,20,0,1,0,1,1,0.9730404339463513
76,0,35,1,0,0,0,1,0,0,1,0,0,0.2761972209767687
3620,1,56,0,0,0,0,13,0,1,0,0,0,0.49871081173821336
1050,1,27,0,0,0,0,0,0,1,0,0,0,0.2640140635523522
2240,1,35,0,0,0,0,4,0,0,1,0,0,0.27013151998104845
1194,1,29,0,0,0,0,0,0,0,1,0,0,0.17667213578324636
731,0,21,0,0,0,0,0,0,0,1,1,0,0.3425959637983713
5703,0,20,0,0,0,0,0,1,1,0,1,1,0.5884834064132117
5471,1,38,1,0,0,0,4,0,0,1,0,0,0.33395437640678527
2374,1,25,0,0,0,0,0,0,0,1,0,0,0.22747511899143757
4846,0,34,1,0,0,0,5,0,1,0,0,1,0.6203641584568614
387,1,28,1,0,0,0,5,0,1,0,1,1,0.6706897846782173
2779,1,27,0,0,0,0,1,0,1,0,0,0,0.31642081516377935
2928,1,23,0,0,0,0,2,0,0,1,1,0,0.36481467999459605
3409,0,24,0,0,0,0,0,0,1,0,1,0,0.36971465254276886
1180,0,59,0,0,0,0,1,0,1,0,0,0,0.04533364783001204
4044,1,40,0,0,0,0,3,0,0,1,0,0,0.1618619653297097
5862,1,21,1,0,0,0,0,0,0,1,1,0,0.4096869497995329
5377,0,26,0,0,0,0,3,1,1,0,1,1,0.6565288797247897
4953,1,51,0,0,0,0,0,0,0,1,0,0,0.0362828059320373
5894,1,26,1,0,0,0,8,1,1,0,1,1,0.9010589776553987
2475,0,61,0,0,0,0,0,0,0,1,0,0,0.02153929431141474
3855,1,35,0,0,0,0,3,1,0,1,0,0,0.33755937837098915
3502,1,28,0,0,0,0,16,1,1,0,1,1,0.9720615181958243
2377,1,60,1,0,0,0,9,0,1,0,1,0,0.30993554572476634
1679,1,42,1,0,0,0,1,0,1,0,0,0,0.195293465190179
1207,1,30,1,2,0,0,20,1,1,0,1,1,0.9984128218511987
2092,1,37,0,0,0,0,1,0,0,1,1,0,0.12819752830058515
2143,1,48,0,0,0,0,0,0,1,0,0,0,0.06377498214833038
3309,1,52,0,0,0,0,4,1,0,1,0,0,0.14627745027797875
3301,1,26,1,0,0,0,4,1,1,0,1,1,0.7666140831560095
762,1,52,0,0,0,0,1,1,1,0,0,0,0.10217518572993005
4813,1,34,0,0,0,0,0,1,1,0,0,0,0.2681035707544562
1788,0,30,0,0,0,0,3,1,0,1,0,0,0.49394922737975716
3432,1,33,0,0,0,0,0,0,1,0,0,0,0.18244612987182396
5205,1,40,0,0,0,0,5,1,1,0,0,0,0.44912094412283604
3627,0,43,0,0,0,0,0,1,0,1,0,0,0.13974169339603357
6018,1,22,0,0,0,0,0,1,1,0,0,0,0.48626364911988484
3066,1,43,0,0,0,0,0,0,0,1,0,0,0.06619992847722994
5626,0,27,0,0,0,0,2,1,1,0,1,1,0.5778163374980133
5993,1,32,0,0,0,0,4,1,1,0,1,1,0.5433183072917643
1373,1,34,0,1,0,0,9,1,1,0,1,1,0.8845611553382611
1627,1,29,1,0,0,0,1,0,1,0,1,0,0.40430506055421106
4830,1,34,1,0,0,0,1,0,1,0,0,0,0.3136514317321457
2983,1,27,1,0,0,0,1,0,0,1,0,0,0.35778894790013677
4426,0,43,0,0,0,0,0,0,0,1,0,0,0.08377386710954471
1465,1,27,1,0,0,0,3,0,1,0,0,1,0.5696778852161245
2120,1,36,0,0,0,0,1,1,1,0,0,0,0.2875026267783269
2975,0,35,1,0,0,0,0,1,0,1,0,0,0.34442465873906797
4070,1,38,0,0,0,0,0,0,0,1,0,0,0.09525991191747424
3678,1,30,0,0,0,1,1,0,1,0,0,0,0.34197343702436694
3368,1,48,1,0,0,0,10,0,1,0,0,1,0.5996062922723514
579,1,48,0,0,0,0,3,1,1,0,0,0,0.20636579952638542
4658,1,22,1,1,0,0,12,1,1,0,1,1,0.9864990572788149
4802,1,26,1,0,0,0,2,0,0,1,1,0,0.43759566982390913
1908,1,28,0,0,0,0,3,0,1,0,0,0,0.41593093005634707
4290,1,25,1,0,0,2,8,1,1,0,1,1,0.9523170144790013
4651,0,39,0,0,0,0,3,0,1,0,0,0,0.277828887095201
3581,1,47,1,0,0,0,9,0,1,0,0,1,0.5567530297940658
1877,0,29,0,0,0,0,1,1,1,0,0,0,0.47518508689903843
5485,1,54,0,0,0,0,2,1,0,1,0,0,0.08075022357294488
2204,1,21,1,1,0,0,1,0,1,0,1,1,0.7293793470155947
940,1,54,0,0,0,0,3,1,0,1,0,0,0.10181139979042249
4289,1,30,0,0,0,0,0,0,1,0,0,0,0.22053777318755896
4777,0,36,1,0,0,0,1,0,1,0,0,0,0.33472744957769485
4077,0,35,1,0,0,0,13,0,1,0,1,1,0.9206709691685172
4314,1,28,1,0,0,0,8,1,1,0,1,1,0.8860313616582197
5645,1,25,1,0,0,0,3,1,1,0,0,1,0.7336967023901635
2841,0,57,1,0,0,0,0,0,0,1,0,0,0.049325149133975114
3621,0,52,0,0,0,0,0,0,1,0,0,0,0.06017201670857326
910,1,44,0,0,0,0,3,0,1,0,0,0,0.1672502584466079
3386,0,31,0,0,0,0,0,0,0,1,0,0,0.19110661181024435
2519,1,22,1,0,0,1,0,1,1,0,1,1,0.6982656949013645
6148,1,26,0,0,0,0,0,0,1,0,0,0,0.2796698658375263
5444,1,24,0,0,0,0,1,1,1,0,1,1,0.5104390298905859
5520,1,23,1,0,1,1,8,1,1,0,1,1,0.9628079978464246
3463,0,52,0,0,0,0,1,0,1,0,0,0,0.07631156673782397
2640,1,21,1,0,0,0,0,0,1,0,1,0,0.4975932163427095
3964,1,20,1,0,0,0,3,1,1,0,1,1,0.8036088316518125
69,1,32,1,0,0,0,0,0,1,0,0,0,0.2932140947221021
1287,1,33,1,0,0,0,7,1,0,1,1,1,0.7397583759179932
1097,1,54,0,0,0,0,4,0,0,1,0,0,0.07606707954964705
3053,1,26,1,0,0,0,0,0,0,1,0,0,0.3184717347594578
3972,1,47,0,0,0,0,3,1,0,1,0,0,0.16472330529578955
3146,1,60,0,0,0,0,1,0,0,1,0,0,0.023282519967496897
2072,1,25,1,0,0,0,1,1,1,0,1,1,0.6233006366127527
1991,1,30,0,0,0,0,1,1,0,1,1,0,0.3124857969394646
797,1,24,1,0,0,0,2,0,1,0,1,1,0.5653550627335386
4544,1,34,1,0,0,0,5,1,0,1,0,1,0.6119997542510738
3067,1,72,0,0,0,0,7,0,1,0,0,0,0.057295348053652564
1987,1,45,1,0,0,0,17,1,1,0,1,1,0.9525935805606416
2897,1,23,1,0,0,3,2,1,1,0,0,1,0.8782530422981832
4665,1,43,1,0,0,0,15,1,0,1,1,1,0.9083071068908404
1241,1,24,1,0,0,1,4,0,1,0,1,1,0.755078999248889
1746,1,33,1,0,0,0,11,1,1,0,1,1,0.9183474061811941
3383,1,31,0,0,0,0,17,1,1,0,1,1,0.9725358823373131
53,1,38,0,0,0,0,4,1,0,1,0,0,0.34150897269738667
1870,1,43,1,0,0,0,0,0,1,0,0,0,0.14804438455013552
2056,1,45,1,0,0,0,13,1,1,0,0,1,0.8787529998939346
2331,0,38,0,0,0,0,20,1,1,0,1,1,0.9825793173169355
405,1,34,0,0,0,0,4,1,1,0,0,1,0.5038726675481
4564,0,50,0,0,0,0,1,1,1,0,0,0,0.14671176744513476
6118,1,28,0,0,0,0,0,1,0,1,0,0,0.2920920887669684
3019,1,22,1,0,0,0,2,1,1,0,0,1,0.7302413256820068
3817,1,21,1,0,1,0,2,0,1,0,1,1,0.7220301311010499
2677,1,65,0,0,0,0,3,0,1,0,0,0,0.03673749209697894
2757,1,22,0,0,0,0,0,1,0,1,0,0,0.39877025518162923
2452,1,42,0,0,0,0,0,0,0,1,0,0,0.07126129453854224
1745,1,48,0,0,0,0,2,0,0,1,1,0,0.0736281017434308
1678,0,24,0,0,0,0,0,0,0,1,0,0,0.29130104079365454
4357,1,46,0,0,0,0,0,1,1,0,0,0,0.12416438274716493
4034,1,32,1,0,0,0,3,0,1,0,0,0,0.47127982772996835
1646,0,24,1,0,0,0,6,0,0,1,1,1,0.7652155257792311
2352,1,35,1,0,0,0,0,0,1,0,0,0,0.24654005888045397
1394,1,22,0,0,0,1,0,1,0,1,0,0,0.4856270024916983
2976,1,20,0,0,0,0,0,1,1,0,1,1,0.5257917132046922
5149,1,24,1,0,0,1,1,1,1,0,0,1,0.7182452874085684
3084,0,28,0,0,0,0,0,0,1,0,1,0,0.29945873934278794
5827,1,49,1,0,0,0,2,0,1,0,0,0,0.15254253164421216
4763,0,47,1,0,0,0,7,1,1,0,1,1,0.6335001839546304
524,0,23,0,0,0,0,3,0,1,0,1,1,0.577003686076459
4695,1,31,0,0,0,0,5,1,1,0,1,1,0.6242804552953546
4053,0,26,1,0,0,0,1,0,1,0,1,1,0.5260285724553321
2139,1,27,1,0,0,0,2,1,0,1,1,1,0.5608643005317951
6044,1,34,1,0,0,0,1,0,1,0,1,0,0.3136514317321457
4933,1,33,1,0,0,0,0,0,1,0,1,0,0.27709175154382276
3096,1,24,1,0,4,0,14,1,1,0,1,1,0.9967117680998351
2685,1,25,0,0,0,0,2,0,1,0,1,0,0.4116587065645048
4750,1,21,1,0,0,0,0,0,1,0,0,0,0.4975932163427095
5297,1,28,1,0,0,1,12,1,0,1,1,1,0.955554881684068
5038,1,55,1,0,0,0,1,0,1,0,0,0,0.07984979865939534
1770,1,22,0,0,0,2,5,1,1,0,1,1,0.872795389153741
2014,1,38,0,0,0,0,10,1,1,0,1,1,0.7735892906575736
3306,1,23,0,0,0,0,0,1,1,0,1,0,0.46653308826134565
1344,1,28,0,0,0,0,0,1,0,1,0,0,0.2920920887669684
3203,1,43,1,0,0,0,0,1,1,0,0,0,0.23589521291448612
1137,1,36,0,0,0,0,6,0,1,0,0,0,0.4482970972897974
3384,1,33,0,0,0,0,0,1,1,0,0,0,0.2839083306588493
2411,1,42,1,0,0,0,1,1,0,1,1,0,0.23202685131107428
902,1,57,1,0,0,0,19,0,1,0,1,1,0.8793508833878432
1309,1,41,0,0,0,0,5,0,1,0,0,0,0.2977496350199228
2980,1,24,1,0,0,0,1,1,0,1,1,1,0.5565218645333554
2320,0,25,0,0,0,0,1,1,0,1,1,0,0.4654207268654653
2525,0,30,1,0,0,0,3,1,1,0,1,1,0.705235778734036
5467,1,28,1,0,0,0,4,1,0,1,0,1,0.6627201847652582
1515,1,33,0,0,0,0,0,1,1,0,0,0,0.2839083306588493
5781,1,28,1,0,0,0,1,1,1,0,0,1,0.5661732672724079
4075,1,33,1,0,0,0,3,1,1,0,1,1,0.5940151332150393
3697,1,55,1,0,0,0,0,0,1,0,0,0,0.06301297817873877
1232,1,51,0,0,0,0,2,0,1,0,0,0,0.08211562184049147
2017,1,22,1,0,0,0,1,1,1,0,1,1,0.6771944105422938
554,1,47,1,0,0,0,20,0,1,0,1,1,0.9540132992282065
4580,1,30,0,0,0,0,0,0,1,0,0,0,0.22053777318755896
1121,0,22,0,0,0,1,1,0,0,1,0,0,0.46933033768421567
1214,0,42,1,0,0,0,2,0,0,1,0,0,0.22059081804419317
273,1,21,0,0,1,0,3,0,1,0,1,1,0.6611817834129602
5594,1,20,0,0,0,0,0,1,0,1,1,0,0.4372392764140554
1622,1,43,0,0,0,0,0,0,0,1,0,0,0.06619992847722994
3351,0,21,1,0,0,0,0,1,1,0,1,1,0.6941341720335842
4805,1,21,1,0,0,0,0,1,0,1,0,1,0.5521707744024813
1938,1,49,0,0,0,0,2,0,1,0,0,0,0.09485674479263842
4171,1,24,1,0,0,0,1,0,1,0,1,1,0.5019963254634973
4274,1,32,0,0,0,0,0,1,0,1,0,0,0.23117642405054298
3064,1,60,1,0,0,0,13,0,1,0,0,1,0.5546152175902814
1736,1,23,1,0,0,0,3,1,1,0,1,1,0.763448114411199
5026,1,69,0,0,0,0,0,1,0,1,0,0,0.015848445531507337
6106,1,36,1,0,0,0,0,0,0,1,0,0,0.17481307448426003
2131,1,53,1,0,0,0,2,1,1,0,0,0,0.18899899311783672
4276,1,36,1,0,0,0,0,0,1,0,0,0,0.23214116877512297
3089,0,22,1,0,1,0,2,1,0,1,1,1,0.7939593489472767
471,1,22,1,0,1,0,3,1,1,0,1,1,0.8461982847669522
2756,1,29,1,0,0,0,5,0,1,0,1,1,0.6529876018631221
4402,1,51,1,0,0,0,4,0,1,0,0,0,0.2037309920611934
5243,1,31,0,0,0,0,1,1,1,0,0,0,0.374724822180963
2665,1,44,1,0,0,0,0,0,1,0,0,0,0.13834180753512415
4559,1,27,1,0,0,1,5,1,1,0,1,1,0.8478973920868165
1195,0,37,1,0,0,0,0,0,0,1,0,0,0.20156194009151687
1873,1,54,1,0,0,0,6,1,1,0,1,0,0.3738161670639654
4372,1,33,1,0,0,0,7,1,1,0,1,1,0.8022387149355251
2866,1,36,1,0,2,1,25,1,0,1,1,1,0.9987179105732281
6041,1,34,0,0,0,0,5,0,1,0,0,0,0.4245127758585446
1295,1,28,1,0,0,0,4,1,1,0,1,1,0.7371237517948452
2726,1,25,0,0,0,0,0,0,0,1,0,0,0.22747511899143757
5743,1,34,0,0,0,0,3,0,0,1,0,0,0.23689372372197817
3966,1,25,1,0,0,0,11,1,0,1,1,1,0.9368695402024679
5568,1,23,1,0,0,3,1,1,1,0,0,1,0.8482641396161135
713,1,56,0,0,0,0,4,0,0,1,0,0,0.0656666783762455
4205,1,44,0,0,0,0,1,0,0,1,0,0,0.07793412954078645
2128,1,28,0,0,0,0,0,1,1,0,0,0,0.3706072844262561
2115,1,21,0,0,1,1,1,0,0,1,0,1,0.5389554329920172
5446,0,64,1,0,0,0,0,0,1,0,0,0,0.04082152476594146
3941,1,23,0,0,0,0,0,0,1,0,1,0,0.3298699824351226
2489,1,64,0,0,0,0,8,0,1,0,0,0,0.12867519055676552
2047,1,34,0,0,0,0,0,0,0,1,0,0,0.12624195429696083
1360,1,61,0,0,0,0,0,0,0,1,0,0,0.016781692771892946
655,1,31,1,0,0,0,0,0,0,1,0,0,0.23933144397790496
538,0,35,0,0,0,0,0,1,1,0,0,0,0.3038705946295927
5152,1,25,1,0,0,0,2,1,1,0,0,1,0.6810324751709362
2623,1,38,0,0,0,0,17,0,1,0,1,1,0.9197207928921436
4649,1,53,1,0,0,0,3,1,1,0,1,0,0.2311927605184767
1602,1,25,0,0,0,0,0,0,1,0,0,0,0.2958808183192909
2805,0,26,1,0,0,0,5,1,1,0,1,1,0.8453609736487557
952,0,40,0,0,0,0,0,0,0,1,0,0,0.10388209045532375
639,1,26,1,0,0,0,4,1,1,0,1,1,0.7666140831560095
34,1,29,0,0,0,0,0,0,0,1,0,0,0.17667213578324636
6103,1,34,0,0,0,0,4,0,1,0,1,0,0.3637293249483822
519,1,25,1,0,0,0,4,1,1,0,1,1,0.7804685621414775
2740,0,26,1,0,0,0,3,1,1,0,0,1,0.7665249215609155
3523,1,20,0,0,0,1,0,1,1,0,1,1,0.6121461225572196
416,1,54,1,0,0,0,0,0,0,1,0,0,0.04852878508962173
3395,0,28,0,0,0,0,0,0,1,0,0,0,0.29945873934278794
5511,1,26,1,1,0,0,10,1,1,0,1,1,0.9696779568496687
3925,1,30,0,0,0,0,0,1,1,0,0,0,0.33451593472613955
5640,1,28,1,1,0,0,5,1,1,0,1,1,0.8841341291741823
418,0,59,0,0,0,0,0,0,0,1,0,0,0.025138766910731976
5179,1,35,1,0,0,0,1,1,1,0,1,0,0.42861426964655797
3103,1,25,0,0,0,0,1,0,0,1,0,0,0.2753423320571194
5578,1,34,1,3,1,0,13,1,1,0,1,1,0.9961030891116188
3799,1,61,1,0,0,0,12,0,1,0,0,0,0.47135339564831635
6056,1,25,1,0,0,0,3,1,1,0,1,1,0.7336967023901635
80,1,25,0,0,0,0,9,1,1,0,1,1,0.8810243673706817
4706,1,38,0,1,0,1,7,1,1,0,1,1,0.8268007126172251
890,1,32,1,0,0,0,2,0,0,1,0,0,0.3261656577969791
4699,1,47,0,0,0,0,5,0,0,1,0,0,0.1559965538413464
2363,1,51,1,0,0,0,9,1,1,0,1,1,0.6192259864892231
3254,0,28,1,0,0,0,0,0,0,1,0,0,0.3397113385915021
123,1,33,1,0,0,0,8,1,0,1,1,1,0.7857764512130074
587,1,28,1,0,0,0,2,0,0,1,0,0,0.3991175306710125
2807,1,21,1,0,0,0,0,0,0,1,0,0,0.4096869497995329
2218,1,48,1,0,0,0,7,1,1,0,1,1,0.5532257023328017
3787,1,53,1,0,0,0,4,0,1,0,1,0,0.1792621699854681
6090,1,58,0,0,0,0,8,0,0,1,0,0,0.14261935670842643
445,1,27,0,0,1,3,6,0,1,0,0,1,0.8826720681150286
2355,1,34,1,0,0,0,16,1,1,0,1,1,0.9738061877825779
549,1,31,1,0,0,0,0,1,1,0,1,0,0.4437365887637097
4461,1,23,1,0,0,0,3,1,1,0,1,1,0.763448114411199
1904,0,27,0,0,0,0,0,0,1,0,0,0,0.3163130488960503
2114,1,38,0,0,0,0,0,0,1,0,0,0,0.1306292874261103
4874,1,50,0,0,0,0,0,0,1,0,0,0,0.05495527388405808
449,1,32,0,0,0,0,1,1,1,0,0,0,0.3563804945755182
3428,1,33,1,0,0,0,0,0,0,1,1,0,0.21172377753525193
417,1,29,1,0,0,0,4,1,1,0,0,1,0.7215098904028504
4196,1,26,1,0,0,0,3,1,0,1,0,1,0.6407724885718317
5595,1,20,1,0,0,0,0,0,1,0,1,1,0.5173634298792028
4103,1,37,0,0,0,0,0,1,1,0,0,0,0.22415895245926049
1842,1,30,0,0,0,0,2,0,1,0,0,0,0.32024264556160226
5115,1,25,0,0,0,0,0,1,1,0,1,0,0.42744434856866775
3430,0,27,1,0,0,0,0,0,0,1,0,0,0.357674464474833
4557,1,37,1,3,0,0,12,0,0,1,1,1,0.9750778483058467
4495,1,40,0,0,0,0,10,1,1,0,1,1,0.7446868030264919
3611,1,21,0,0,0,0,0,1,1,0,0,1,0.5060371153341373
2097,1,45,1,0,0,0,3,0,0,1,0,0,0.1825665065202502
2179,0,59,1,0,0,0,0,0,0,1,0,0,0.04241323950444827
169,0,37,0,0,0,0,0,0,0,1,0,0,0.1281418499976388
3504,1,32,1,0,0,0,0,0,0,1,1,0,0.22522771426104732
3839,1,22,0,0,0,0,0,1,1,0,0,0,0.48626364911988484
3434,1,29,1,0,0,0,0,0,0,1,1,0,0.2693091257843413
6067,1,26,1,0,0,0,0,0,1,0,0,0,0.40007045617379294
3586,1,30,0,0,0,0,5,1,0,1,1,1,0.5575520816136249
3892,1,21,1,0,0,0,0,0,1,0,1,0,0.4975932163427095
4969,0,29,1,0,0,0,0,1,1,0,0,1,0.5465269535981745
3080,1,50,0,0,0,0,1,0,1,0,0,0,0.06979949104450314
6130,0,24,1,0,0,0,0,1,1,0,1,1,0.6415716601968168
2504,1,23,0,0,1,0,2,1,1,0,1,1,0.6963788766947009
597,1,28,1,0,0,0,0,0,1,0,0,0,0.3627636077224991
1673,1,59,1,0,0,0,4,1,1,0,0,0,0.19445747365617738
3464,1,37,0,0,0,0,4,1,0,1,0,0,0.3595153976497642
963,0,34,1,0,0,0,14,0,1,0,1,1,0.9418897736734725
4957,1,38,1,0,0,0,0,1,1,0,0,0,0.3143688329577403
410,0,24,0,0,0,1,6,1,1,0,1,1,0.8725818994589838
5840,1,43,0,0,0,0,1,1,0,1,0,0,0.13980160370155353
3193,1,46,1,0,0,0,9,0,1,0,0,1,0.5761781029604076
4863,1,32,1,0,0,0,0,0,0,1,0,0,0.22522771426104732
2182,1,30,0,0,0,0,13,1,1,0,1,1,0.9325401039988529
3279,1,31,0,0,0,0,0,0,0,1,0,0,0.15482129685203053
2437,1,36,0,0,0,0,9,1,0,1,0,1,0.6848900268131415
3452,1,26,1,0,0,0,0,0,0,1,1,0,0.3184717347594578
4925,0,27,0,0,0,0,0,0,0,1,0,0,0.24482604207668457
6119,1,22,1,0,0,0,0,0,0,1,1,0,0.390700530469067
4513,1,43,0,0,0,0,2,0,0,1,0,0,0.1055801739911124
5258,1,35,0,0,0,0,2,0,0,1,0,0,0.181854434501804
1500,1,25,1,0,0,0,1,0,1,0,0,0,0.4822266107291222
3187,1,49,0,0,0,0,0,0,1,0,0,0,0.059211435293515406
4435,1,20,1,1,2,0,5,1,1,0,1,1,0.972712307173
1706,1,35,1,0,0,0,2,0,0,1,0,0,0.27629684330231236
5287,1,23,0,0,1,0,2,0,1,0,1,1,0.56350719052217
1710,1,26,1,0,0,0,0,0,0,1,1,0,0.3184717347594578
601,1,50,1,0,0,0,18,1,1,0,1,1,0.9458243595358462
316,1,28,1,0,0,0,1,0,0,1,0,0,0.33982311425623357
4395,1,23,1,0,0,0,2,1,1,0,1,1,0.7143770733143192
1926,0,35,1,0,0,0,12,1,1,0,1,1,0.9411031130138803
269,1,27,0,0,0,0,8,0,1,0,1,1,0.733861725268926
3005,1,56,0,0,0,0,3,0,1,0,0,0,0.07212151749457323
5121,0,27,0,0,0,0,0,1,1,0,0,0,0.4511407420290769
4663,1,29,0,0,0,0,0,0,1,0,0,0,0.23443668447149218
5757,1,50,1,0,0,0,7,1,1,0,1,1,0.5138701364589154
4463,0,62,0,0,0,0,1,1,0,1,0,0,0.044550166622348404
4371,1,28,1,0,0,0,2,0,1,0,1,0,0.4866254486373251
5184,1,26,0,0,0,0,0,1,1,0,1,0,0.40820405460995146
682,0,33,1,0,0,0,0,0,0,1,0,0,0.25728553094367107
2547,0,47,1,0,0,0,0,0,0,1,0,0,0.1026934381507744
5165,1,22,1,0,0,0,0,0,0,1,1,0,0.390700530469067
4113,1,25,1,0,0,0,2,1,1,0,1,1,0.6810324751709362
3508,0,34,0,0,0,0,0,1,1,0,0,0,0.3208594844127646
5627,1,51,1,0,0,0,0,0,0,1,0,0,0.060737955948400243
3579,1,31,1,0,0,0,0,1,1,0,0,0,0.4437365887637097
3063,1,53,0,0,0,0,1,1,0,1,0,0,0.06862357172159875
5101,1,50,0,0,0,0,2,0,0,1,0,0,0.06353824123005164
3842,1,26,1,0,0,0,6,1,0,1,1,1,0.7930708355981002
4452,1,37,0,0,0,0,4,1,0,1,1,0,0.3595153976497642
4741,1,31,0,0,0,0,3,1,0,1,0,0,0.4115033621399853
5496,1,26,1,0,0,0,2,1,1,0,1,1,0.6636074112831996
3837,0,28,1,0,0,0,0,0,0,1,0,0,0.3397113385915021
996,1,25,0,0,0,0,1,1,0,1,0,0,0.403000342076986
63,1,29,1,0,0,0,5,1,1,0,1,1,0.7697504584041195
2410,1,30,1,0,0,0,4,0,0,1,1,0,0.48563324539303987
2398,1,21,0,0,0,0,1,1,1,0,1,1,0.5693228151215837
4242,1,26,1,0,0,0,1,0,1,0,1,0,0.4625123827752443
4071,0,25,1,0,0,0,3,0,0,1,1,1,0.5835984798258829
3165,1,32,0,0,0,0,3,1,1,0,1,0,0.4797035487451569
594,1,40,0,0,0,0,1,0,1,0,0,0,0.14201124300302034
535,1,23,0,0,2,0,3,1,1,0,1,1,0.8233710079377219
2747,0,27,0,0,0,0,2,1,1,0,1,1,0.5778163374980133
2917,1,24,1,0,0,0,1,1,1,0,1,1,0.6416862340633154
249,1,24,0,0,0,0,0,0,1,0,0,0,0.3126236187147477
4912,1,32,0,0,0,0,4,1,0,1,0,0,0.4546440901594232
1832,1,44,0,0,0,0,0,0,0,1,0,0,0.061474253487216225
4041,1,30,0,3,0,0,4,1,1,0,0,1,0.9289333212828872
5008,1,27,1,0,0,0,0,0,0,1,0,0,0.30155313549348445
5817,1,30,0,0,0,0,0,0,0,1,0,0,0.1654577229409389
5493,1,32,1,0,0,1,8,0,1,0,1,1,0.8194717057878272
4987,1,36,0,0,0,0,1,0,1,0,0,0,0.18508791726180457
5172,1,27,1,1,0,0,1,1,1,0,1,1,0.7486693039226049
5728,1,54,0,0,0,0,3,1,1,0,0,0,0.13923893548521354
6049,1,20,0,0,1,0,2,1,1,0,1,1,0.7441097432437187
5604,1,24,0,0,0,0,0,0,1,0,0,0,0.3126236187147477
4648,0,23,0,0,0,0,0,0,0,1,1,0,0.30789801108990833
4387,1,26,1,0,0,0,7,0,1,0,1,1,0.798895030507687
2049,0,32,1,0,0,0,0,0,1,0,0,0,0.3485579656135156
2826,0,38,0,0,0,0,1,1,0,1,1,0,0.23740608913192715
2712,1,31,1,0,0,0,0,0,1,0,1,0,0.3098724039582225
2952,1,30,0,0,0,0,0,1,0,1,0,0,0.26048243038693253
5837,1,31,0,0,0,0,0,0,1,0,0,0,0.20723981529218607
4219,1,26,1,0,0,0,1,1,1,0,0,1,0.6045530241567683
3601,1,34,1,0,0,0,1,0,1,0,1,0,0.3136514317321457
3366,1,54,0,0,0,0,0,0,1,0,0,0,0.04065425329788805
4643,1,48,0,0,0,0,0,1,0,1,1,0,0.07817379256139065
460,1,43,0,0,0,0,2,1,0,1,0,0,0.17335990502788953
834,1,23,1,0,0,0,2,1,1,0,1,1,0.7143770733143192
4504,1,21,1,0,0,0,2,1,0,1,1,1,0.6724580783155795
2297,1,56,1,0,0,0,9,0,0,1,1,0,0.3016153229393923
1851,1,33,1,0,0,0,4,0,1,0,1,1,0.5152010650311846
1405,1,57,1,0,0,0,19,0,1,0,0,1,0.8793508833878432
5178,0,55,0,0,0,0,0,0,0,1,0,0,0.03417631255965334
922,1,32,0,0,0,0,6,0,0,1,1,0,0.4386234769404197
5479,1,47,0,0,0,0,0,0,0,1,0,0,0.049124817556316654
1818,1,25,1,0,0,0,4,1,1,0,1,1,0.7804685621414775
5580,1,24,1,0,0,0,0,0,0,1,0,0,0.3537522207052559
326,1,27,1,0,0,0,12,1,1,0,1,1,0.9588966840032034
789,1,28,1,0,0,0,10,1,0,1,1,1,0.9007043141249015
5348,1,60,0,0,0,0,2,0,0,1,0,0,0.029841615781781888
3695,1,43,1,0,0,0,0,0,1,0,1,0,0.14804438455013552
2554,1,36,0,0,0,0,0,1,0,1,1,0,0.1797391397371473
1868,0,28,1,0,0,0,3,1,1,0,0,1,0.7370271885700387
139,1,22,1,0,0,0,1,0,1,0,0,1,0.5414553855662099
868,0,75,1,0,0,0,5,0,1,0,0,0,0.05995297394454793
5992,1,42,1,0,0,0,0,0,0,1,1,0,0.11644382664428421
4180,1,26,1,0,0,0,5,1,1,0,1,1,0.8091087288748974
2110,1,28,0,0,0,0,1,1,0,1,0,0,0.34744121682067963
1697,1,25,0,0,0,0,4,0,1,0,0,1,0.5381173310596439
3956,1,31,1,0,0,0,8,1,1,0,1,1,0.8597846425900711
37,1,29,0,0,0,0,2,1,0,1,0,0,0.38829721744087947
335,1,27,1,0,0,0,9,1,1,0,1,1,0.9156668108219252
4243,0,33,0,0,0,0,1,0,0,1,0,0,0.20650636956516666
2061,1,54,0,0,0,0,0,0,0,1,0,0,0.028838526676889457
4301,1,26,1,0,0,0,4,1,1,0,1,1,0.7666140831560095
2127,1,27,1,0,0,0,1,0,0,1,0,0,0.35778894790013677
3228,1,26,0,0,0,0,1,0,1,0,0,0,0.33377493904811023
1920,0,21,0,0,0,0,0,0,1,0,1,0,0.4265075882446203
5552,1,27,1,0,0,0,1,0,0,1,1,0,0.35778894790013677
2343,1,37,1,0,0,0,22,1,1,0,1,1,0.9926669044918456
4659,1,28,1,0,8,2,12,1,1,0,1,1,0.9993959067479741
1905,1,25,0,0,0,0,0,0,0,1,0,0,0.22747511899143757
2006,0,28,1,0,0,0,10,1,0,1,1,1,0.9212545429302375
1054,1,57,0,0,0,0,0,0,0,1,0,0,0.022885347691604826
2931,1,31,1,0,0,0,0,0,0,1,0,0,0.23933144397790496
5882,1,21,0,0,0,0,0,0,1,0,1,0,0.3657355547537916
2988,1,45,1,0,0,0,0,0,0,1,0,0,0.0941595508961479
879,1,25,0,0,0,0,1,0,1,0,0,0,0.3515913095423624
1148,1,22,1,0,0,0,1,1,0,1,1,1,0.595144903585621
5608,0,35,1,0,0,0,7,1,1,0,1,1,0.8170621503414723
967,1,23,0,0,0,0,0,1,1,0,0,0,0.46653308826134565
4405,1,30,0,0,0,0,0,0,0,1,0,0,0.1654577229409389
5129,1,52,0,0,0,0,1,0,1,0,0,0,0.060200200980430905
949,1,24,1,0,0,0,0,0,1,0,0,0,0.4385734109638988
1808,0,45,0,0,0,0,15,1,1,0,1,1,0.9006139599139805
1296,1,20,1,2,0,0,2,1,1,0,1,1,0.9337883264092856
3227,1,57,0,0,0,0,1,0,1,0,0,0,0.041346753630533126
2649,1,39,1,0,0,0,1,1,1,0,0,0,0.35344220502456825
6115,1,23,1,0,0,0,0,1,1,0,1,1,0.6003347558868429
3129,1,33,1,0,0,0,8,0,1,0,1,1,0.7466036580221029
5166,0,22,0,0,0,0,0,0,0,1,1,0,0.32500694201739055
6043,1,25,0,0,0,0,3,1,0,1,1,1,0.5291915609917003
403,1,34,0,0,0,0,4,1,1,0,1,1,0.5038726675481
3692,1,52,1,0,0,0,1,0,1,0,0,0,0.09911802341460978
5349,1,44,0,0,0,0,0,0,0,1,0,0,0.061474253487216225
1922,1,36,0,0,0,0,0,0,1,0,0,0,0.14967040580588595
3867,1,20,0,0,0,0,0,1,0,1,0,0,0.4372392764140554
3335,1,32,0,0,0,0,2,0,1,0,0,0,0.28682088747651363
2255,1,28,0,0,0,1,2,0,0,1,0,0,0.3550331416013062
2417,1,50,1,1,0,0,5,0,1,0,0,0,0.4297369135797531
2610,1,63,1,0,0,0,6,0,1,0,0,0,0.14153914954011598
5980,0,28,1,0,0,0,1,0,1,0,0,0,0.4865009699640497
2507,0,20,1,0,0,0,0,0,1,0,0,1,0.5802799071176926
2922,0,35,1,0,0,0,1,0,1,0,0,0,0.35256775707279614
4432,0,33,1,0,0,0,0,0,0,1,1,0,0.25728553094367107
1070,0,44,0,0,0,0,1,0,0,1,1,0,0.09829521716609849
629,1,21,1,0,0,0,0,1,1,0,1,1,0.6376266419630143
969,1,35,0,0,0,0,0,0,0,1,0,0,0.11777074715880273
5723,1,24,1,0,0,0,0,0,0,1,0,0,0.3537522207052559
5292,1,36,1,0,2,0,17,1,1,0,1,1,0.9902531512968935
5667,1,31,1,0,0,0,11,1,0,1,1,1,0.902268432285635
2732,0,25,1,0,0,0,4,1,1,0,1,1,0.8209562890765438
2768,1,39,0,6,1,0,17,1,1,0,1,1,0.9996163678116087
5416,0,28,1,0,0,0,0,0,0,1,0,0,0.3397113385915021
91,0,39,0,0,0,0,1,0,1,0,0,0,0.18768319431028047
1064,0,45,0,0,0,0,5,0,0,1,0,0,0.21828920335287655
887,1,40,1,0,0,0,0,0,1,0,0,0,0.18053963377126378
2992,1,20,0,0,2,1,3,1,0,1,0,1,0.854970954329726
3680,0,53,0,0,0,0,6,1,1,0,1,0,0.3266758835908934
4834,1,38,0,0,0,0,1,0,1,0,0,0,0.16240152388645404
3879,1,22,0,0,0,0,3,1,1,0,1,1,0.6703698351243699
1879,1,52,0,0,0,0,9,1,1,0,1,0,0.4666065691302792
2628,1,21,1,0,0,0,0,1,0,1,1,1,0.5521707744024813
5598,1,21,1,0,0,0,0,1,1,0,1,1,0.6376266419630143
3378,1,49,1,2,0,0,13,0,1,0,0,1,0.9296850534683835
6087,0,39,1,0,0,0,1,1,1,0,1,0,0.41350325557183604
4751,1,28,1,0,0,0,6,1,0,1,1,1,0.7659026958021476
4979,1,29,1,0,0,0,7,0,1,0,0,1,0.7580605817913281
5961,1,64,1,0,0,0,0,0,0,1,0,0,0.022600112496376668
5533,0,22,1,0,0,0,0,0,1,0,1,1,0.5413316706864444
4828,0,39,0,0,0,0,2,0,1,0,0,0,0.22966639821247714
2633,1,29,0,0,0,0,0,0,0,1,0,0,0.17667213578324636
1903,1,45,1,0,0,0,1,0,1,0,0,0,0.16066332441693607
2967,1,52,0,0,0,0,7,0,1,0,0,0,0.2282258516720444
5788,1,29,0,0,0,0,0,0,1,0,0,0,0.23443668447149218
2469,1,22,0,0,0,3,0,0,0,1,1,1,0.5184802780026685
2653,1,26,0,0,0,0,2,1,1,0,1,1,0.5345656791579361
4992,1,23,0,0,0,0,0,0,0,1,0,0,0.2564684364866887
5858,1,29,1,0,0,0,0,0,0,1,0,0,0.2693091257843413
5434,1,20,1,0,0,0,0,0,1,0,0,1,0.5173634298792028
500,0,21,0,0,0,0,0,0,1,0,1,0,0.4265075882446203
2293,1,55,1,0,0,0,0,1,1,0,0,0,0.10672646744308473
60,1,45,0,0,0,0,6,1,1,0,0,0,0.4146371153159209
1256,0,25,0,0,0,0,5,0,1,0,1,1,0.6597422407912927
3669,1,25,1,0,0,0,9,1,1,0,1,1,0.9271082453295003
2838,1,28,1,0,1,0,10,1,1,0,1,1,0.953247658211043
4409,1,41,1,0,0,0,3,1,0,1,0,0,0.3525350790837623
2883,0,32,0,0,0,0,0,0,0,1,0,0,0.17917535374679547
820,1,29,1,0,0,1,10,1,1,0,1,1,0.944521470809468
5306,1,38,1,0,0,0,14,0,1,0,1,1,0.9015591895279457
1951,1,26,1,0,0,0,2,0,1,0,0,1,0.5261528019033308
2857,0,50,1,0,0,0,4,0,1,0,0,0,0.26316420584483147
7,1,27,0,0,0,0,0,0,1,0,0,0,0.2640140635523522
5481,0,21,1,0,0,0,0,1,1,0,1,1,0.6941341720335842
2553,1,62,0,0,0,0,3,0,0,1,0,0,0.03277281650815119
5708,1,29,1,0,0,1,9,1,1,0,1,1,0.9295464516765275
3258,1,39,1,0,0,0,7,1,1,0,1,1,0.7162005365016554
5229,0,41,0,0,0,0,0,0,1,0,0,0,0.1325851917605871
3728,1,39,1,0,0,0,1,0,1,0,0,0,0.23529543466816116
924,1,40,0,0,0,0,0,0,0,1,0,0,0.08246956972710676
1748,1,30,1,0,1,1,7,1,1,0,1,1,0.9201993760618585
3423,1,49,0,0,0,0,0,0,1,0,0,0,0.059211435293515406
2328,1,21,1,0,0,0,0,0,1,0,1,0,0.4975932163427095
419,1,38,1,0,0,0,0,0,1,0,1,0,0.2051392433274642
203,1,25,0,0,0,0,4,0,1,0,0,1,0.5381173310596439
1131,1,39,0,0,0,0,0,0,1,0,0,0,0.12190475174649286
3244,1,42,1,0,0,0,10,1,0,1,1,1,0.7498009088345444
3034,1,25,1,1,0,0,2,0,1,0,1,1,0.7170711492707771
1057,1,22,1,0,0,0,0,0,1,0,1,0,0.47783052586633895
1919,1,27,1,0,0,0,25,1,1,0,1,1,0.9984437264566858
3624,0,50,0,0,0,0,0,0,0,1,0,0,0.049930449298318844
5283,1,22,0,0,0,0,2,1,1,0,0,1,0.6118081511988758
1958,1,60,0,0,0,0,0,0,1,0,0,0,0.025685655972452762
2687,1,25,0,0,0,0,2,0,1,0,1,0,0.4116587065645048
934,1,50,0,0,0,0,8,0,1,0,0,0,0.3089144288650226
3474,1,38,0,0,0,0,2,0,0,1,0,0,0.14916561213006072
2618,1,47,0,0,0,0,0,0,0,1,0,0,0.049124817556316654
729,1,46,0,0,0,0,0,0,1,0,0,0,0.07389947036762207
870,1,34,0,0,0,0,0,1,1,0,0,0,0.2681035707544562
1320,0,20,1,0,0,3,2,1,1,0,1,1,0.9218503605800156
2509,0,49,1,0,0,0,0,0,1,0,0,0,0.12236368726876948
1162,1,21,0,0,0,0,0,0,1,0,1,0,0.3657355547537916
1561,1,43,0,0,0,0,0,0,0,1,0,0,0.06619992847722994
6092,0,31,1,0,0,0,9,1,1,0,1,1,0.9107545078981376
4279,1,41,0,0,0,0,9,0,1,0,0,1,0.5403420220884756
600,1,23,1,0,0,0,0,1,1,0,1,1,0.6003347558868429
